loadTime_ms,TBT_ms,LCP_ms,TTI_ms,FCP_ms,noOfRequests,SpeedIndex_ms,javascriptExecution_ms,url,TTFB_ms,requested_url,pageSize_kb
15225.8,1367,1023.598713681673,2854.299035261255,437.6990352612547,17,709.5489032462295,2168.706999999998,https://www.google.com/sorry/index?continue=https://google.com/&q=EgRC-VLIGNnqo8oGIikSRY7GGgCCvOnzzumNT35uELr_OD107-JYkhbof_5M5jF3COQjZvgn9zICclJaAUM,1,,1635.9375
31044.699999999997,689.4999999999995,4524.000511754457,6123.75,4186,138,4651.122420070167,4329.530999999987,https://www.youtube.com/,103,,3317.34765625
20269.6,1401.5,4165,4398.95,588.0051630818609,88,4193.829052855784,3366.8259999999846,https://x.com/,63,,3046.57421875
19816.6,920.5,6641.504719651582,6670.1,581.5010113539104,48,3114.198692329407,1723.341000000002,https://www.instagram.com/,338,,7471.3466796875
13226.4,22,952.0434684349722,1323.358705560729,712.0295107625235,54,900.845909728903,607.0129999999992,https://www.linkedin.com/,5,,793.267578125
33478.5,519.0000000000007,2135.634690503696,4057.9002025390264,1072.0423870000966,101,2359.000147316706,1920.4219999999946,https://www.reddit.com/,324,,3037.451171875
9840.7,0,895,895.6000000000001,859,7,1706.8434842659358,3.04,https://www.wikipedia.org/,107,,94.69140625
37428.6,988.4397392951532,1559.9217621162861,5017.816524210142,1155.4916879820958,162,3726.2747561969945,2593.3239999999987,https://www.ebay.com/,670,,4269.87109375
29494.600000000002,1195.500000000001,1052.98949976863,3862.000275505635,839.2895491902043,326,1916.7626086024588,2845.7529999999933,https://www.walmart.com/,14,,2617.6962890625
33276.9,3277.4999999999995,1979.1277793367556,5029.608588300502,654.5251095125965,41,2668.553748817319,4484.262999999995,https://aliexpress.com///_____tmd_____/punish?x5secdata=xf6YxX2dBb8GKOdDytmTr4KtNS9L_qJXNrpXpAK2xHwFRDMIacrjNY1MNoWfe4haY0LyU0AesRTbgKllTecdfyUbJh-_dENqVIJ8WQQ0vo4RSbpOZw2N7fv8uLM9SygN7pxdPZbtugOpA4g-G-yrQtW8E9KzksKy6vnec-VgANjgf-R1VncNkpSJo3aZn9UlQ0gPvvyex5-TetoTZqVxT_x04jL5Q0YZX6mLbQV6aFtW_hBG6E_VYMmepLL-k1oMtgwRV6MfMPwu1Jtd6loR26XfSavWEugYNQ9xL1Iiz6SrjnYEGKz5HUb8y3sBYUDAuoFcirg6hKCeJWsbUtAn2SIAkDLb_Zyf4fEGg_EF_eks9tuS5xrk0mmZTGdTZoyeut447Hz4-Xve87qHiADTt8LbsCYTPmuNKxzjLib0XQz_HEj4MZx96m8aSZUn-prVo0pU4aiEkwlt_yeGdv5Nk5dhfgdpTPoT9_kczT4gupcTfT-YQ7wOjYsBFgCvmpQDYZI8cMhHEwh0F8vFy6ADmgMMzCNwfH_W_zHvafp0XS1Zl_2DtPEKG9EW4P8MFo_Yk_Da-QIjDNE054GcKwStT3kU39Q3kTSAD_c2Zaq5PKmtRxUuyapW_DBmojXzCj0tOlYKtNE4rHMT63SXceqH1zmoAI5l26sJRGC0UQplem_PnrdRMoyotqOEXbkCvtDCxRx__I5Um3zoCz10JXQ8_YaQ__bx__aliexpress.com%2f&x5step=1,92,,600.951171875
27922.300000000003,536.0000000000014,970.0749052925905,5530.176911700511,732.1916350975301,294,3890.5253380998847,2368.2689999999957,https://www.bing.com/?toWww=1&redig=84828B31C28B4E0F8F5474DF07176516,238,,5874.140625
20308.7,282.5,1825,1841,322,106,2358.1040233035255,547.3929999999974,https://duckduckgo.com/,172,,2455.6591796875
26002.2,69.86598301978427,932.242841417142,2695.106137239437,801.407798966603,116,4348.859591284325,512.5989999999999,https://www.baidu.com/,31,,3334.423828125
17425.9,0,303.0024096161276,303.6024096161276,297.0024096161276,41,1575.1707023485276,282.9860000000001,https://yandex.com/,755,,514.7412109375
23463.5,1328.3961553285208,2993.0028559790794,6224.371329138314,741.4251254583519,83,2190.8831795319556,2994.2089999999675,https://www.netflix.com/,310,,4717.169921875
45555.7,2948.6137206743415,7338.902728230485,9805.397833812021,4090.6356743274573,203,7616.064016711296,6708.561999999958,https://open.spotify.com/,2,,5815.20703125
24352,784.0000000000016,3747.296682002112,7680.913652972546,1039.5749777948404,189,3543.8734221550685,2648.591999999998,https://soundcloud.com/,288,,6475.455078125
39363.700000000004,3426.5,4414.709151175361,7094.315293956828,819.0016120112599,246,5651.553109922703,7652.294000000098,https://www.twitch.tv/,68,,3932.6357421875
35460.9,327,1958.3527320555706,4674.093093141902,1325.8372165319204,153,3116.436088660741,1057.6549999999988,https://github.com/,538,,6054.44140625
28773.4,1075.0000000000014,1571.013520418025,4746.119271960932,1271.0103012708764,130,2137.942848911543,2613.139999999972,https://about.gitlab.com/,14,,3557.716796875
32973.7,729.9999999999995,3477.763086650012,5552.319792700395,962.0221272685078,121,2846.821092748547,1395.5559999999994,https://bitbucket.org/,37,,5610.8720703125
17632.8,393.50000000000045,2656.284773968935,2756.3859759349807,695.6742596335556,94,1610.4038480323702,1252.7059999999974,https://stackoverflow.com/questions,25,,1627.75
14144,735.5,1613.6726285884424,2829.819074659589,490.90615740225314,33,1011.2003493655392,1931.2959999999935,https://medium.com/,4,,2016.41015625
14033.1,87.5,1333.3803532076136,1401.2869651505625,676.3036460998427,27,2231.188049585105,538.9109999999976,https://www.quora.com/,73,,1791.3720703125
13291.5,106,1453.313135054131,2703.1037269169547,612.2904645203936,64,846.0475863644724,512.459,https://wordpress.com/,100,,2318.7861328125
49769.700000000004,1196.0000000000014,6495.562956679483,6547.40154098543,796.0089177791795,485,3239.3717748383433,2352.9569999999853,https://www.tumblr.com/,15,,4908.314453125
18333.600000000002,0,1932.822527966803,1934.822527966803,1319.2340497578018,56,2141.8661848080264,4.428000000000001,https://www.blogger.com/about/?bpli=1,9,,1815.5576171875
37533.6,915,5440.402111857578,6187.854675349468,2178.602934131179,299,4653.614132652556,2984.5939999999846,https://www.pinterest.com/,27,,11710.82421875
19423.800000000003,212,2622.3062541490567,3117.7624340041184,1193.5820355099545,95,1795.6520051146858,1605.4239999999927,https://www.paypal.com/us/home,18,,2512.8935546875
28035.5,453.5000000000002,1095.8340206419562,3741.441802371898,981.8330551347872,333,1427.8208110025694,1209.5409999999938,https://stripe.com/,374,,1868.8388671875
52214,420.9965171998306,1243.5164329958077,3180.541748059166,1083.5123939711618,192,1083.5123939711618,1475.4669999999933,https://www.shopify.com/,24,,4595.8955078125
11115.199999999999,,,,,15,,1160.5859999999982,https://www.etsy.com/,1,https://etsy.com,309.4921875
40132.4,1038.4999999999995,1267.7508563245708,9280.891644252271,907.6048437298733,458,4550.898862668666,3934.263999999998,https://www.alibaba.com/,193,https://alibaba.com,6947.3818359375
28553.8,315.4999999999998,1753.1036681768467,3320.1866375002055,1197.207321387742,109,2868.8576898015062,1272.1899999999969,https://www.ebay.co.uk/,429,https://ebay.co.uk,3618.30859375
10893.4,350,519.649489179724,1421.6886718672827,519.649489179724,65,519.649489179724,824.8459999999982,https://www.bestbuy.com/,2,https://bestbuy.com,746.7978515625
43371.3,1434.9999999999986,3029.1724658447947,6469.392902174202,1425.2931788765695,344,3714.347400987393,5136.988999999954,https://www.target.com/,21,https://target.com,11280.591796875
8433.7,0,513,513,446.68002358739795,6,785.510252860209,0,https://www.homedepot.com/,2,https://homedepot.com,80.9638671875
16318.3,21,1488.7985733357655,1491.0187160021892,839.5989300018241,94,1164.9446213358447,292.9359999999998,https://www.ikea.com/,69,https://ikea.com,4729.44140625
47121.700000000004,27,1980.1101244062322,1997.2038766930964,977.1155337130567,42,6168.913211980399,217.18700000000027,https://www.craigslist.org/about/sites,3,https://craigslist.org,1056.6025390625
56494.6,464.9997010618356,3217.515577102366,3511.4101971183372,776.00205356196,133,4475.117857005508,2003.9899999999977,https://www.airbnb.com/,139,https://airbnb.com,2872.4873046875
40866.5,1689.499999999999,1732.003403585944,7084.8716756680205,1133.0205987034897,246,3688.3527277746734,3585.2249999999485,https://www.booking.com/,60,https://booking.com,5253.5419921875
39481.5,1600.5024305885545,1228.0033828248704,6801.6530246384655,838.0029167062639,204,3163.537114646072,3585.1079999999884,https://www.expedia.com/,356,https://expedia.com,5058.3134765625
13733.599999999999,,,,,17,,1227.7939999999996,https://tripadvisor.com/,1,https://tripadvisor.com,683.208984375
28943.9,4765,1904,7821.483047828806,1684,127,3883.652047753992,6951.172000000004,https://www.uber.com/,25,https://uber.com,2051.625
25840.4,1633.9999999999982,3493.651893749603,5898.854394306689,1187.4999880148428,141,2582.9817389454174,2629.309999999995,https://www.lyft.com/,362,https://lyft.com,2924.517578125
27733.8,1452.0000000000014,2387.053998786242,4400.48223808134,1518.0306261772712,416,2694.1363447007834,5204.199999999992,https://www.google.com/maps,9,https://maps.google.com,6560.953125
26295.699999999997,219.4999999999999,1757.212186282344,2546.2722131603855,833.7171005329224,120,1655.425161964029,943.4720000000008,https://news.google.com/home?hl=en-US&gl=US&ceid=US:en,121,https://news.google.com,1510.599609375
48076.899999999994,1711.999999999999,1318.8830487343691,9118.970843182042,1070.4545654003925,365,5322.657664284594,5375.726999999987,https://www.bbc.com/,23,https://bbc.com,4886.9033203125
68734.7,5914.999999999996,8420.673442202009,15866.500000000007,1306.1922872103692,514,10077.779497537162,11332.239000000123,https://www.nytimes.com/,16,https://nytimes.com,9791.3203125
57759.100000000006,870.9999999999993,1256.4055021773436,7780.332327768825,1007.9552855190915,736,4078.4679746628735,2976.0959999999945,https://www.theguardian.com/us,43,https://theguardian.com,3512.2236328125
54592,3392.4978834257813,1398.0173523766746,11318.33535718103,829.0014920611825,520,8733.509121542722,7471.526999999948,https://www.washingtonpost.com/,658,https://washingtonpost.com,5011.5478515625
11881,,,,,14,,931.3489999999982,https://www.reuters.com/,,https://reuters.com,295.669921875
75345.79999999999,2608.000000000002,4201.584077794424,15330.022719310327,862.514171251724,1324,3645.063663065222,7101.793999999985,https://apnews.com/,83,https://apnews.com,8150.7177734375
90068.7,3662.208041124365,3651.030239482993,11029.141103220016,1112.0152429576956,515,11186.601800991106,8451.390999999934,https://www.bloomberg.com/,113,https://bloomberg.com,8760.060546875
79606,2578.9923865343744,1685.5264275869954,11459.717482421574,982.51035066594,346,3958.781019033,7764.088999999968,https://www.forbes.com/,86,https://forbes.com,11569.2939453125
46676.6,972.7887982510777,2031.0325244010805,9743.925184970527,1107.904027676724,570,6280.901672469618,3912.4759999999756,https://www.politico.com/,16,https://politico.com,6890.2607421875
42828.6,1050.5,2037.5061900605647,11904.30209015368,1235.0027982465567,717,3626.6347408021657,4386.357999999976,https://www.huffpost.com/,26,https://huffpost.com,16138.705078125
50913.9,482.5,2271.0251688114918,16374.421061356688,897.0071910889975,1127,5706.156658835933,2855.149999999994,https://www.vice.com/en/,28,https://vice.com,7772.2802734375
34672.7,935.0000000000009,3350.5672679522577,6004.08626804587,812.209478982066,294,3740.3950063294506,3138.0219999999836,https://www.msn.com/en-xl,17,https://msn.com,5158.2841796875
66878.8,3332.2191667490447,1571.5506226590828,14212.163668952027,1171.9430494248527,498,6330.0308754641355,7967.637000000028,https://www.cnbc.com/world/?region=world,103,https://cnbc.com,9639.34375
28614.1,1063.2454419907294,2393.0277252338856,5995.534466431533,1146.1578708111938,139,4550.180743148938,2321.483999999996,https://www.economist.com/,978,https://economist.com,5806.3271484375
39288.899999999994,2751.9999999999977,798.0073436368342,6597.638002314141,466.0036718184173,125,2447.4824222998227,4519.865999999985,https://time.com/,121,https://time.com,3397.076171875
77989.4,3399.292552249572,3202.4635612315215,13357.026309923469,999.5783365632785,602,5736.079109635274,8912.956999999958,https://www.nbcnews.com/,42,https://nbcnews.com,13559.373046875
45789.799999999996,1235.145058998448,4084.0132352609007,9009.562518765979,1010.0052726308414,293,5031.553727878753,4724.17399999999,https://abcnews.go.com/,175,https://abcnews.go.com,6843.3583984375
85603.40000000001,3936.9942088861694,1392.021481892816,15909.339423674448,1116.012932182005,788,5252.88930573685,10493.069999999983,https://www.foxnews.com/,66,https://foxnews.com,11533.3671875
38889.2,639.3986077494965,4053.0533044830877,7265.413034672317,1751.0231200167618,229,4047.2581441888697,1973.401999999998,https://www.ms.now/,24,https://msnbc.com,16676.9658203125
55064.4,882.4999999999964,1296.0385010011742,8390.235775738374,844.2868617907484,548,5184.778989078656,4119.421999999997,https://www.telegraph.co.uk/,257,https://telegraph.co.uk,6693.5283203125
106135.2,5548.6578628851785,1561.502222250577,15920.93797039158,1067.3421371148165,1011,15314.042069368466,12190.719999999961,https://www.dailymail.co.uk/home/index.html,59,https://dailymail.co.uk,8394.7861328125
36776.2,1635.0000000000014,5166.704817618085,5772.965125274186,839.0032470959709,124,5629.732858196565,3449.922999999996,https://www.sky.com/,10,https://sky.com,4594.0849609375
89260.3,2207.5000000000027,2476.996876300537,16079.402300536007,873.0151089901922,1591,5019.292116380646,4899.606999999975,https://www.aljazeera.com/,349,https://aljazeera.com,6365.736328125
41077.100000000006,1888.6520451268334,6919.764933344093,7153.701633809327,1620.0206631810347,116,5657.51901167581,3065.4619999999773,https://www.rt.com/,583,https://rt.com,5300.6875
66790.4,1604.5000000000036,4518.208471528425,12123.783001989334,1238.85414416936,635,10598.063811052183,6151.269999999986,https://www.npr.org/,279,https://npr.org,7643.240234375
101432.7,3439.000000000002,4911.013609323463,20049.30786301128,867.844677014662,1323,8697.080966931662,10536.828999999954,https://www.thetimes.com/,108,https://thetimes.co.uk,12085.919921875
47191.700000000004,702.5000000000002,1068.7630951700453,7127.69552604807,868.7528663581123,770,3076.311208413711,3421.7959999999907,https://www.independent.co.uk/us,59,https://independent.co.uk,4831.720703125
38778.8,761.4967629114915,952.0139194805832,8998.5210358025,525.0064741770154,438,2537.3213224758,3265.4009999999953,https://techcrunch.com/,26,https://techcrunch.com,4740.205078125
94723.2,1962.328495289551,2663.492118933676,16575.047989159684,1589.0022833938272,1454,4748.017367169436,13464.778999999968,https://www.theverge.com/,68,https://theverge.com,7146.3837890625
78680,3357.907756307889,8661.57743074922,16621.054207438556,791.0034488187521,741,7960.641279974265,10864.347999999954,https://www.wired.com/,42,https://wired.com,39417.59765625
59544.1,953.6729637394083,1402.0071793997326,5063.669366631762,543.0052416742662,137,3197.9692472819233,2751.3479999999886,https://www.engadget.com/,367,https://engadget.com,4122.5244140625
49051.1,770.4999999999977,881.8045566811331,10410.887332585437,773.0046902236161,541,3568.51432104341,3542.3119999999835,https://arstechnica.com/,180,https://arstechnica.com,5739.4873046875
48335.2,2025.500000000001,7037.066340779985,7628.378764853565,1996.0213796689443,213,5014.876455970837,4790.722999999975,https://www.cnet.com/,427,https://cnet.com,5031.4091796875
64297.8,2298.0305032474644,2294.5,7020.596148953151,935.9362305152167,150,4412.34058673134,5110.607999999979,https://www.zdnet.com/,409,https://zdnet.com,3561.857421875
32723.5,390.5000000000007,1728.9367284706877,4465.905426306817,833.623261088879,128,2586.0459232212543,2023.834999999996,https://gizmodo.com/,684,https://gizmodo.com,2920.4677734375
26361.100000000002,654.5,1245.1489127237257,5840.957640175235,656.8652056623883,203,1978.457139672353,2922.9429999999907,https://mashable.com/,19,https://mashable.com,4289.482421875
19971.1,9.5,1572.3380584722393,1657.631694677943,839.1989498904729,42,2333.96854721624,406.4410000000008,https://thenextweb.com/,17,https://thenextweb.com,796.2958984375
27832.100000000002,268.99999999999886,2019.6863231074585,2733.138819027224,854.0086747774149,97,1953.7475333715006,1205.2399999999977,https://hackernoon.com/,14,https://hackernoon.com,1550.513671875
33540.8,675.8790606274533,681.0221912409614,6732.066785704157,317.0073970803206,295,5137.578702093231,3170.7169999999987,https://venturebeat.com/,15,https://venturebeat.com,4717.55859375
6986.3,0,234,234,234,1,384.7162580569585,0,https://recode.net/,,https://recode.net,0.498046875
16430.8,0,972.0375236883297,1000.0375236883298,652.0375236883292,74,1230.8677768031303,6.2989999999999995,https://stackexchange.com/,18,https://stackexchange.com,347.2890625
18665.6,387.28880941372574,1541.177157620177,1829.9438848242662,1041.1164872023087,128,1227.5592346995272,1118.4649999999992,https://stackoverflow.blog/,40,https://stackoverflow.blog,1704.3154296875
9234.7,132.99990234283996,787.8210998684525,1496.1221838629272,787.8210998684525,36,914.1745823390561,402.43000000000035,https://www.mozilla.org/,3,https://mozilla.org,611.9248046875
10223.7,135,1107.9583442301828,1764.5526299219264,1060.852275699141,33,1427.7168558913008,450.9110000000003,https://www.firefox.com/,3,https://mozilla.org/firefox,640.7734375
24432.7,440.49999999999955,2071.200083956156,3324.4005609964215,1329.5023363740404,83,3505.3651879405525,1026.3939999999955,https://www.opera.com/,8,https://opera.com,1817.8916015625
18367.800000000003,267.49268432103486,2946.0441926388194,3231.097725471957,997.7032530834417,120,1980.0210379221412,1007.9989999999987,https://www.google.com/chrome/,18,https://chrome.google.com,3787.0947265625
23698.5,519.4999999999986,2484.617272080167,3878.1980805119088,1389.3987748815896,130,1407.7895212452559,1073.8309999999997,https://workspace.google.com/intl/en-US/products/drive/,12,https://drive.google.com,3287.017578125
12004.2,329,1288.0934725624675,2035.6934725624676,1288.0934725624675,23,1306.6537474354634,943.6229999999982,https://accounts.google.com/v3/signin/identifier?continue=https%3A%2F%2Fdocs.google.com%2F&dsh=S1176838093%3A1766394854232070&emr=1&followup=https%3A%2F%2Fdocs.google.com%2F&ifkv=Ac2yZaXvJCxwISu3WpJo3xH4otuzAsTOjf0dyvwRELdHKzp5tAE8_uq0tIWHGAV9HJN63cZd_yWZ&osid=1&passive=1209600&flowName=GlifWebSignIn&flowEntry=ServiceLogin,198,https://docs.google.com,757.2607421875
10701.2,185,1579.0960832046517,2092.096083204652,1526.0960832046517,24,1526.0960832046517,653.713999999994,https://accounts.google.com/v3/signin/identifier?continue=https%3A%2F%2Fdocs.google.com%2Fpresentation%2F%3Fusp%3Ddirect_url&dsh=S-16647994%3A1766394871788861&followup=https%3A%2F%2Fdocs.google.com%2Fpresentation%2F%3Fusp%3Ddirect_url&ifkv=Ac2yZaUTnNaHO82-3HofdoGVXShtvh5gsFJ_ifj6MkwD6SHgo6UpOJbcmvWUSFf8U97-yqVENqqtYA&ltmpl=slides&osid=1&passive=1209600&service=wise&flowName=GlifWebSignIn&flowEntry=ServiceLogin,213,https://slides.google.com,758.9267578125
12219.6,369.0000000000002,1600.094777923723,2377.3947779237233,1291.0964577024952,24,1514.6903192805823,944.9969999999972,https://accounts.google.com/v3/signin/identifier?continue=https%3A%2F%2Fdocs.google.com%2Fspreadsheets%2F%3Fusp%3Ddirect_url&dsh=S2030328547%3A1766394887890280&followup=https%3A%2F%2Fdocs.google.com%2Fspreadsheets%2F%3Fusp%3Ddirect_url&ifkv=Ac2yZaVxJTJ5r8xJrLuC2RG1tO_CItH9KxrhikhqgoC1-n4tPBqHHpgRgJevJJwa1KXJw42APZfmPA&ltmpl=sheets&osid=1&passive=1209600&service=wise&flowName=GlifWebSignIn&flowEntry=ServiceLogin,220,https://sheets.google.com,759.5615234375
29966.6,431,1415.0059842914857,3184.5059842914857,933.0059842914857,216,3079.2412348085004,1356.712999999997,https://www.dropbox.com/,869,https://dropbox.com,2344.7587890625
60280,58.5,3424.805326230655,3806.6364307797953,1466.1739939531124,251,1654.6968285709888,863.5969999999994,https://www.box.com/,32,https://box.com,2051.21484375
29636.7,1007.5642566667409,1976.5344104049686,5417.426332212723,1896.5338904189582,171,1896.5338904189582,2839.4609999999916,https://www.scribd.com/,70,https://scribd.com,3244.6904296875
25441,381.75842275568584,2856.7217895289823,3716.0012608203997,1605.4524056698467,203,2274.1032983703226,985.0090000000002,https://www.academia.edu/,6,https://academia.edu,4543.6044921875
18623,309.4989478411021,2615.5104545732274,2805.960642091053,948.006826158297,84,1974.959899228622,1305.5149999999965,https://www.slideshare.net/,19,https://slideshare.net,2281.638671875
37670,3437.5,1536.0141940810042,7602.972268233378,558.0004591632181,203,2237.5982153983373,5671.275999999956,https://www.coursera.org/,19,https://coursera.org,4066.130859375
52555.299999999996,4811.647551728955,6294.5941339454375,8276.305530501497,1194.0573448131413,160,3767.5876559557123,10093.186000000036,https://www.edx.org/,77,https://edx.org,4796.494140625
37864.299999999996,3565.000000000002,4504.03031719748,8803.373426905804,754.0096857702349,191,4628.972673010543,6857.748999999998,https://www.udemy.com/,12,https://udemy.com,5837.455078125
28587.4,542.3455411708783,3010.662119223126,3175.0944601693373,1940.8921047366166,140,3134.346965135079,2067.8649999999952,https://www.khanacademy.org/,26,https://khanacademy.org,3860.119140625
30234.100000000002,492.0021163273434,992.0016014150403,3744.7718273948303,838.6108400012013,121,3285.875901161291,1227.4509999999993,https://www.futurelearn.com/,477,https://futurelearn.com,1990.826171875
44190,3014.500384590259,1507.0098625446515,8610.464879472442,645.0009614756435,358,2613.3542339915575,5069.62200000002,https://www.udacity.com/,24,https://udacity.com,6478.2724609375
13239.199999999999,66.5,1567.3279505580117,1706.2739754352408,1024.6716045982018,27,1767.7053381880262,255.96600000000018,https://web.mit.edu/,2,https://mit.edu,1251.8876953125
21777.5,153.25541839347238,1594.0235126331675,2913.2110120625484,1115.9510883597181,88,2098.6662739748344,801.5619999999999,https://www.stanford.edu/,53,https://stanford.edu,4180.8505859375
21423.199999999997,461,3379.7234894698768,3580.724780732001,872.0470504147111,81,1710.7154428980577,1057.9489999999998,https://www.harvard.edu/,18,https://harvard.edu,3374.4453125
27458,581.9790652558493,1931.195826546229,7073.430034437195,1038.0209347441503,135,4095.2952977119016,2727.280999999987,https://www.ox.ac.uk/,5,https://ox.ac.uk,6688.35546875
11153.8,35.5,1750.0358997032997,2060.0318733697877,984.737752747332,65,1332.0103326549458,359.11599999999964,https://www.cam.ac.uk/,11,https://cam.ac.uk,1817.9970703125
14919.7,48,1240.0113873499563,2090.0145790400557,709.0054444547925,43,1735.4238653417979,360.7110000000005,https://www.w3schools.com/,9,https://w3schools.com,1293.3916015625
30361.3,1311.5000000000018,1989.3915398313186,7176.2666791178235,955.8775117815707,247,1860.1139806417755,2319.668999999984,https://www.tutorialspoint.com/,5,https://tutorialspoint.com,4354.2607421875
16438.1,347.50000000000034,1885.0440183717535,2151.8055904050316,791.5081600147707,68,2219.4910907710073,1132.3159999999987,https://www.geeksforgeeks.org/,99,https://geeksforgeeks.org,1178.8134765625
22833.899999999998,1824.1029890668256,2878.549851413505,4641.580059812175,495.7095324930794,109,3562.66485566627,4827.552000000054,https://medium.com/tag/technology,10,https://medium.com/topic/technology,3340.068359375
62586.6,4876.883268324124,1225.5476528318327,14267.634502914938,918.8001549415477,459,7784.884079052446,8875.210999999968,https://www.nytimes.com/section/technology,17,https://nytimes.com/section/technology,11560.068359375
102388.59999999999,3489.9999999999955,1650.0215286566422,15222.580023726227,1083.0081699793925,1298,7810.883949655687,9433.496999999958,https://www.techradar.com/,61,https://techradar.com,6369.2607421875
6774.4,0,233,233,233,1,509.2975582083066,0,https://xtremesystems.org/,1,https://xtremesystems.org,0.4609375
81036.59999999999,1559.285172580348,2111.052655515729,12529.381182195266,955.7116661990661,964,5360.904956352111,6980.863999999977,https://forums.anandtech.com/,190,https://anandtech.com,6109.869140625
114830.9,2676.499999999992,1339.005152793572,18427.082438032194,992.0078349082626,1579,9860.624191285055,9956.701999999947,https://www.tomshardware.com/,321,https://tomshardware.com,8309.755859375
23172.1,427.60940415911955,1987.0238424293875,5323.475512054669,1395.5057550979363,163,2174.3891245521136,1904.5719999999983,https://www.pcmag.com/,26,https://pcmag.com,3116.431640625
59963.6,1162.9837786925043,1493.0158838044301,8566.200629351559,1029.007273710702,321,4538.525669058847,6278.625999999976,https://www.pcgamer.com/,71,https://pcgamer.com,6083.900390625
45147.3,1855.9999999999973,3019.2230399209907,7916.058880029045,1567.9808224745925,345,5007.151317751627,5095.921000000201,https://www.ign.com/,23,https://ign.com,5461.8359375
61517.5,2002.4999999999968,1551.0518731448878,10426.946394843762,551.0100399635269,655,3867.515653780147,5942.0269999999855,https://www.gamespot.com/,11,https://gamespot.com,5687.8115234375
46297.799999999996,1956.4999999999968,3266.712648586492,9902.054661121614,1371.0078450488975,589,4569.778361724204,5282.697999999979,https://www.metacritic.com/,44,https://metacritic.com,8030.544921875
39495.7,1813.2698238799267,1354.2865153384764,5060.260089155623,1141.2006553384763,126,2752.5224714400056,4205.253999999993,https://kotaku.com/,373,https://kotaku.com,3315.193359375
63726.5,2368.500000000002,1236.0034427723651,10733.695655214715,971.4228806585385,1037,5046.434257614863,5623.0529999999935,https://www.polygon.com/,280,https://polygon.com,4257.4716796875
73394.5,1835.34225304459,2325.0232735679033,7819.286421990528,1236.0453678590525,259,3390.438558266478,5471.216999999983,https://www.espn.com/,260,https://espn.com,6427.6103515625
60813.9,1420.0000000000027,8359.403106693815,11026.5205495898,1579.0106781349375,633,6847.243501284716,6518.742999999981,https://www.foxsports.com/,118,https://foxsports.com,25438.7734375
21256,3,1111.0070772548759,1483.0017693137193,591.0024770392065,47,2960.8787623414255,572.8860000000008,https://www.skysports.com/,8,https://skysports.com,747.0986328125
91652.90000000001,2940.4688593541514,3613.270379501694,8084.293482813148,953.0210928061992,443,3973.1432071580143,6859.55199999997,https://www.nba.com/,11,https://nba.com,8529.091796875
71639.6,2815.0000000000014,3395.0011615724093,13421.999891550313,888.4108787570165,621,5175.782050369254,5928.786999999953,https://www.nfl.com/,53,https://nfl.com,29417.708984375
77828.20000000001,2386.500000000002,7473.204869351528,14183.49436080859,2856.507581845765,401,8169.749398122386,8104.25299999993,https://www.mlb.com/,284,https://mlb.com,12544.634765625
80000.5,10351.499999999998,2808.574147162247,14955.55,1080.0026900805349,135,8593.786598497187,10851.581999999986,https://www.nhl.com/,11,https://nhl.com,4520.7802734375
91712,1432.5000000000011,2707.5320786349557,7578.240814571437,833.7113811840901,539,6739.8728067799475,5299.534999996377,https://www.uefa.com/,220,https://uefa.com,6444.6708984375
78639.8,11361.600755961057,12004.00879497797,19547.649999999987,5909.899244038928,144,9568.424185099633,20017.380000000183,https://www.fifa.com/en,1,https://fifa.com,12055.3935546875
46097.9,1075.9999999999955,1623.892172120043,7017.88694060337,813.0084134672712,376,4971.043149959012,3958.1359999999877,https://www.espncricinfo.com/,22,https://espncricinfo.com,3534.626953125
41167.5,644.5000000000005,800.3601335822189,4143.956100007479,632.001589498323,233,2116.953467312615,1723.5449999999983,https://www.cricbuzz.com/,31,https://cricbuzz.com,1899.82421875
83549.4,2272.9999999999964,10497.57389877066,12662.910625705688,1129.0693743314307,579,8243.346068673598,7108.528999999934,https://www.cbssports.com/,20,https://cbssports.com,12274.7314453125
7409.1,0,411.5,411.5,291.5,17,617.7130833168825,0,https://bleacherreport.com/,11,https://bleacherreport.com,326.1806640625
73818.2,1225.5000000000032,2047.3449218863836,14311.585099087344,1196.3157919344246,1857,4547.655778711404,4678.897999999969,https://www.sportingnews.com/us,188,https://sportingnews.com,5998.2919921875
81188.4,2593.500000000001,2244.190526606482,9665.770678548164,893.3582643663531,994,5249.781750159584,7063.86900000009,https://www.goal.com/en-in,382,https://goal.com,5672.080078125
72683.7,2129.9999999999977,2838.5276660977033,8132.682560062138,1264.0137927268154,498,4891.017064943861,6916.291999999983,https://www.rottentomatoes.com/,14,https://rottentomatoes.com,5807.556640625
6834.5,0,463,463,463,2,1014.6739914933839,0,https://www.imdb.com/,1,https://imdb.com,1.3154296875
16070.9,0,982.6353375487329,982.6353375487329,982.6353375487329,57,2608.026016706189,212.47299999999998,https://www.boxofficemojo.com/,369,https://boxofficemojo.com,1025.369140625
45424.299999999996,1137,924.005443085164,8127.09559684839,643.0167891712532,425,4599.807212006877,4850.259999999985,https://variety.com/,441,https://variety.com,5635.263671875
31007.8,564,1131.008956198798,4584.937152346003,1026.003411371751,142,2678.287998465435,1925.7549999999992,https://www.hollywoodreporter.com/,72,https://hollywoodreporter.com,2688.119140625
53387.200000000004,1168.5000000000014,947.0124544554775,12843.320658757058,561.0072904129624,628,3629.3745956225075,6142.8829999999525,https://pitchfork.com/,30,https://pitchfork.com,15982.39453125
38027.9,924.5,1741.5600220061654,8510.55392457577,806.0785526105294,363,4481.031573747408,3882.919999999993,https://www.rollingstone.com/,85,https://rollingstone.com,5806.5244140625
45878.5,3265.9918515779045,1129.0889336575538,12755.03340853059,904.5035378303312,434,6551.7079749418845,6963.220000000006,https://www.nytimes.com/section/arts,28,https://nytimes.com/section/arts,7967.5830078125
64870.2,870.4999999999982,1059.9257931402833,10710.966059889208,941.6765977712691,984,4044.1702412987415,3196.5159999999955,https://www.theguardian.com/us/culture,28,https://guardian.co.uk/culture,4631.3798828125
9164.3,,,,,15,,1123.9119999999984,https://www.etsy.com/uk,1,https://etsy.com/uk,312.5859375
5601.3,0,237,237.00000000000003,237,1,237,0,https://deviantart.com/,2,https://deviantart.com,1.205078125
34285.7,668.0000000000009,5646.957929027756,6112.7786301848155,1064.8640955605329,227,3127.3613535728337,2085.0299999999825,https://www.behance.net/,31,https://behance.net,6740.4443359375
29348.9,100.5,1382.0252937547343,2610.877933151637,882.0185605993715,163,1673.5224075746314,721.0419999999995,https://dribbble.com/,210,https://dribbble.com,6054.5458984375
51885,183,1275.7925776741658,5875.127725664252,560.397975729318,364,1833.9994539658571,1182.6829999999827,https://www.adobe.com/,1,https://adobe.com,5468.462890625
17846.5,393.9999999999998,1694.516279483563,3461.4259181325497,832.5080862201398,125,1229.6021993943307,1299.0259999999957,https://www.canva.com/,22,https://canva.com,2825.146484375
74228.7,120.5,2610.143951046858,4240.220822706599,1437.8856017704634,231,2365.6816095413064,1211.8409999999926,https://flickr.com/,7,https://flickr.com,3855.416015625
9854,0,361.5,361.5,361.5,12,588.2863500833512,11.308,https://unsplash.com/.within.website?redir=%2F,1,https://unsplash.com,12.9912109375
20887.3,532.4999999999993,912.0154428999227,3539.7429306324657,832.0135413457291,75,1270.9044814645974,1352.0139999999935,https://www.pexels.com/,10,https://pexels.com,2237.9228515625
9199.1,,,,,10,,269.81600000000014,https://www.shutterstock.com/,1,https://shutterstock.com,296.638671875
21175,446.5,3690.1062057962145,4968.287361902178,671.0114473313284,139,1486.1434702958506,1613.6469999999904,https://www.istockphoto.com/,11,https://istockphoto.com,5190.6640625
31562.4,1163.5000000000014,2042.0150314405255,7015.84266643179,854.8961436090126,276,2026.2117767110553,2737.713999999975,https://stock.adobe.com/,82,https://stock.adobe.com,12029.4677734375
17267.3,151.45183435636886,963.8153595234735,3227.7949307062127,875.8474699525602,129,875.8474699525602,1284.0959999999975,https://www.indeed.com/,159,https://indeed.com,1991.98828125
20376.9,266.1036468341084,792.0206976480772,2834.6006479122516,712.0164891749777,93,1435.193539653441,1512.6590000000003,https://www.linkedin.com/jobs,65,https://linkedin.com/jobs,1046.11328125
27300,2456.499999999998,2556.7327320428085,7755.499618676867,1172.8923657452417,115,3045.988776275498,4014.6489999999585,https://www.glassdoor.com/index.htm,653,https://glassdoor.com,4052.681640625
24464.8,590,580,7057.972496865668,580,98,3676.4688740006777,1714.5449999999976,https://www.monster.com/,290,https://monster.com,5131.626953125
17426.2,230.9990401354321,747.0050392889827,2014.0154538195475,671.0043193905566,38,1884.5162867115819,870.4709999999997,https://www.ziprecruiter.com/,172,https://ziprecruiter.com,1449.9443359375
13225.8,479.94034076994046,1213.8992976338732,2130.4492976338734,676.200081335705,28,3249.5834307163504,1289.6419999999973,https://www.chegg.com/,1,https://chegg.com,753.5263671875
50254.7,2705.244964835052,1240.5047782870793,14623.045583687333,881.5144577802137,128,3064.3309273734594,4296.436000000009,https://www.coursehero.com/,181,https://coursehero.com,15044.427734375
24417.8,1428.9999999999945,5583.156685657241,6006.152726819461,3545.5748497364643,120,4003.71449923186,2097.6489999999744,https://www.kaggle.com/,1,https://kaggle.com,7010.3017578125
14457.1,43.5,2164.128234902415,2284.523208266893,1189.025363262339,29,2262.565660536137,397.865,https://data.gov/,29,https://data.gov,1715.47265625
11579.6,175,1668.5000000000002,1669.0500000000002,677.114695,54,836.9488422135076,,https://docs.github.com/en/pages,8,https://github.io,3141.5693359375
11417.800000000001,136,950.9609841718227,1060.8609841718228,472.6765905030936,52,634.3566496655956,561.3630000000002,https://www.npmjs.com/,1,https://npmjs.com,332.5439453125
9283.1,0,1013.3130049912276,1015.3579189563235,742.372468830681,33,742.372468830681,64.34500000000003,https://pypi.org/,3,https://pypi.org,746.892578125
34991.5,1752.9999999999993,4016.9350576054244,9368.289518186884,2762.3159189970766,198,3111.7820093432765,4912.536999999995,https://www.docker.com/,26,https://docker.com,24364.41015625
9832.9,29,2159.8687376874277,2161.9250433683064,812.4555763607663,37,812.4555763607663,305.46700000000055,https://kubernetes.io/,34,https://kubernetes.io,2286.7724609375
45481.399999999994,1565.886471803948,2689.105799536364,7731.573135147558,1226.2330551643136,171,3464.8875128084874,3454.3899999999876,https://aws.amazon.com/,12,https://aws.amazon.com,27270.955078125
33320.9,542.5,2102.001026414332,8787.60718419095,1362.0010264143325,162,2966.1516322940706,2185.102999999991,https://cloud.google.com/,129,https://cloud.google.com,11969.2890625
48114.7,1756.9749834630052,3477.5700511313453,8768.968930186575,2757.5325263258524,242,4287.628219946766,2955.271999999995,https://azure.microsoft.com/en-us,15,https://azure.microsoft.com,11647.1904296875
57641.2,1298.4972766394362,799.0135861925243,3959.62597568548,799.0135861925241,146,1709.3192832732143,2329.795999999992,https://www.digitalocean.com/,11,https://digitalocean.com,10430.904296875
24068.7,566.9989557352274,1379.0141445694715,4830.418927849047,871.0153483355509,131,2699.2843262901165,2128.9069999999956,https://www.heroku.com/,22,https://heroku.com,3398.1103515625
20022.8,486.0000000000001,1850.7136740923766,4460.417327185156,731.0109315081522,107,1676.0152287990404,2378.7499999999914,https://www.netlify.com/,80,https://netlify.com,4610.4677734375
37964.700000000004,1158,1141,4156.75,401,367,1583.4785870940957,2051.316999999978,https://vercel.com/,20,https://vercel.com,4444.2578125
89631.20000000001,4058.535286989558,1137.8073840712414,10366.367517262766,786.1900587398281,194,5269.997056604514,6599.533999999906,https://docs.stripe.com/,279,https://stripe.com/docs,6805.4599609375
12323.4,60,1865.8142828480895,1874.1406400082356,863.4342912466327,77,1501.1562878177606,271.85799999999995,https://developer.mozilla.org/en-US/,9,https://developer.mozilla.org,919.310546875
15572,37,1606.7044634830568,1610.7044634830568,906.1635207965459,68,1560.3735118683487,306.1580000000002,https://security.googleblog.com/,61,https://security.googleblog.com,3524.58984375
47322.600000000006,1000.0000000000005,2386.621860988684,6433.936283217023,563.0062080434889,328,2321.0685732785078,3135.669999999996,https://snyk.io/,19,https://snyk.io,7173.29296875
11862.2,704.9999999999998,3941.602477029819,3943.6027891940835,491.06243285283074,52,928.3182736370777,1130.8110000000006,https://owasp.org/,6,https://owasp.org,4995.9755859375
8868.8,0,988.181237162619,988.181237162619,773.8020328188265,33,773.8020328188265,31.848,https://www.shodan.io/,3,https://shodan.io,466.33203125
13925,0,1125.7477882518165,1125.7477882518165,1005.7405808831089,43,1351.4790912029282,98.45100000000004,https://haveibeenpwned.com/,4,https://haveibeenpwned.com,1025.427734375
22148.5,62.5,926.3944046011839,1198.1581897865824,464.4546032415943,25,1064.4956462850387,343.8949999999995,https://letsencrypt.org/,80,https://letsencrypt.org,950.708984375
9881.4,0,1161.0164514749492,1161.0164514749492,1081.0152328471752,56,1081.0152328471752,6.79,https://certbot.eff.org/,15,https://certbot.eff.org,1251.091796875
33028.6,1075.4999999999995,1728.9835320656894,5167.111008160338,1114.3113680635277,84,2569.9115512939534,2961.6049999999987,https://www.reddit.com/r/webdev/,334,https://reddit.com/r/webdev,2652.1123046875
25696.8,496.9878664494763,3442.230189875632,4290.913669579919,1279.6919855018273,97,2580.086529834654,2081.726999999975,https://www.reddit.com/r/programming/,331,https://reddit.com/r/programming,2426.95703125
22169.5,59.5,765.0079664608223,1934.8818318402343,570.0096532542636,95,1516.4702891947131,286.41600000000005,https://dev.to/,57,https://dev.to,1730.7890625
47999.3,2234.499999999996,8217.16000336819,11534.033110108983,922.0070782668104,143,2547.950149020644,2775.7980000000002,https://hashnode.com/,10,https://hashnode.com,13135.044921875
21725.7,2755.665843248724,1414.7067837722063,5277.780068604736,571.7039941732269,108,2711.320612809234,5177.031000000007,https://medium.com/tag/programming,11,https://medium.com/tag/programming,2951.173828125
19198.1,438.9999999999999,2612.2468902570863,2619.3465492009764,654.0163520828218,92,1542.3033302128142,1202.927999999998,https://stackoverflow.com/tags/python,40,https://stackoverflow.com/tags/python,1638.4619140625
11868.7,0,1621.8615519296525,1621.8615519296525,856.5931094857065,41,885.7264075485389,99.28599999999999,https://www.python.org/,3,https://python.org,724.103515625
9283.4,0,589.2665466944609,589.2665466944609,575.2665466944609,17,697.0342986880523,8.202,https://pandas.pydata.org/,2,https://pandas.pydata.org,235.8603515625
12811.6,43.5,1941.4052950000003,2141.9015350000004,1445.6128150000002,71,1740.464844381731,159.633,http://scikit-learn.org/stable/,3,https://scikit-learn.org,1694.716796875
33807.9,930.4999999999986,2819.165984440819,8471.284104665523,1632.3631364951318,159,3504.0267933225846,3007.1349999999957,https://www.tensorflow.org/,98,https://tensorflow.org,11327.125
20491.399999999998,379.49999999999886,1561.0148164388065,3452.032415965443,1121.0104115515942,136,1779.4347832325675,1600.5599999999986,https://pytorch.org/,17,https://pytorch.org,2231.396484375
10163.6,12,1108.5044928393522,1480.5044928393522,725.7035568678181,38,895.1170874282504,250.85299999999995,https://keras.io/,2,https://keras.io,6114.2373046875
18331.600000000002,143.5,1308.0142156692282,1719.1169808325076,721.0072873022746,121,912.3973758394537,448.92900000000014,https://opencv.org/,21,https://opencv.org,1392.431640625
44249.600000000006,459.28092677081645,864.0759505123796,2136.4797638250643,728.7371369828951,59,728.7371369828951,995.588999999998,https://huggingface.co/,5,https://huggingface.co,2982.466796875
58699.9,940.4999999999991,1121.0294916585349,5873.278969291361,644.0175495185815,133,2174.7171494983613,3108.941999999982,https://openai.com/,15,https://openai.com,6551.5986328125
15526.199999999999,188,1904.5275620980956,3156.836145145069,1178.0156305081332,53,1731.608077554461,1032.9940000000004,https://www.anthropic.com/,12,https://anthropic.com,1721.048828125
30418.4,380.5007387763187,3388.037066525746,4442.027734872379,1556.0087461795454,120,3818.8457623292907,1302.639000000001,https://stability.ai/,160,https://stability.ai,11926.53125
19762.1,0,3132.7025157516664,3150.702530242166,2912.702338645554,64,2912.702338645554,378.078,https://deepmind.google/,60,https://deepmind.com,13079.8984375
25499,716.4999999999998,3450.9367803505074,29360.740558966507,1575.7592570991503,80,3876.265693462181,1337.0089999999987,https://www.nvidia.com/zh-tw/,15,https://nvidia.com,34506.6240234375
14466.7,258,1844.5,2016.1750000000002,1201,114,1559.7762931978095,1233.9170000000001,https://www.intel.com/content/www/us/en/homepage.html,4,https://intel.com,1033.189453125
32736,244.99878644929117,1290.0133490577955,2608.8304601227887,1037.9296598732697,138,3123.8512489959285,914.2530000000003,https://www.arm.com/,207,https://arm.com,6453.8486328125
40835.6,2465.499999999998,5690.635030213698,9310.691572214017,2438.7741202200277,273,7102.944589790758,6487.480000000049,https://www.qualcomm.com/,2,https://qualcomm.com,7253.0927734375
52820.1,2.5,1684.238748965162,2375.3482926080005,727.0342602753298,77,4389.972573203361,818.7919999999965,https://www.oracle.com/,5,https://oracle.com,1903.5791015625
60442.2,643.6482603303984,3430.469667305461,5994.781607212681,1441.1352095494988,336,3719.326519037853,2534.537999999998,https://www.sap.com/index.html,8,https://sap.com,2983.5400390625
42123.6,874.5000000000007,2525.3307534958835,4004.171318588027,1058.3147944770408,186,4655.324646018212,2328.1429999999555,https://www.salesforce.com/?bc=SM,247,https://salesforce.com,3053.53125
23081.5,493.9459816615115,1277.474234075498,4010.1214234380423,659.560449690832,130,1395.694970346694,1265.2479999999982,https://slack.com/,11,https://slack.com,70679.1953125
27225.5,319.00000000000045,2431.93437860122,3723.205718435647,1391.9306610872168,106,1965.4103149425773,1091.9330000000004,https://www.zoom.com/,19,https://zoom.us,10187.5322265625
19409.1,2588.5,936.4479289519498,8129.309911189937,936.4479289519498,93,936.4479289519498,3199.1709999999857,https://teams.microsoft.com/v2/?clientexperience=t2,144,https://teams.microsoft.com,11088.70703125
15389.7,502.99999999999943,934.5814649142152,3023.3930417625584,871.3922733443105,99,871.3922733443105,1405.001999999994,https://trello.com/,9,https://trello.com,4407.3955078125
71774.6,2339.0000000000014,1524.0068755511074,6975.23674387013,601.0150998583747,412,1842.7390900302194,6320.081999999966,https://asana.com/,77,https://asana.com,4373.6044921875
22628.8,505.9999999999991,1962.4738203364486,5886.787032891652,888.9613738430853,174,2408.9041879496253,1684.2809999999963,https://www.notion.com/,146,https://notion.so,11525.1826171875
33654,2561.080335370009,3744.8212298850394,6350.412113427189,688.4226838985682,183,3807.3318856489905,3715.942999999985,https://evernote.com/,65,https://evernote.com,5618.0185546875
25995.600000000002,178.00000000000023,1207.014507096921,2752.034850003286,848.0069498817529,104,2125.959296061258,1314.7289999999957,https://www.todoist.com/,107,https://todoist.com,2874.8681640625
13411.4,6.499999999999773,1913.0481041832313,1926.7483468059122,702.0005665698958,75,1046.011884911689,371.8019999999996,https://calendly.com/,47,https://calendly.com,1280.2529296875
73793.4,3318.9621635368785,8511.151708761681,13941.1083428856,3191.053283077269,433,5245.139746225881,7566.933999999971,https://www.zoominfo.com/,242,https://zoominfo.com,11467.296875
20332.1,0,1276.2957023412982,1276.2957023412982,1013.0064109986769,40,1914.0977932158432,29.848,https://www.crunchbase.com/,441,https://crunchbase.com,619.1240234375
57024.899999999994,142.26366799142806,3328.8670557268742,3349.9760197972664,1071.0846266366425,82,2598.938756206175,2723.7929999999833,https://wellfound.com/,6,https://angel.co,1801.203125
52879.6,696.4999999999995,1031.0125958153906,2745.973302258472,511.0034988376085,114,813.460073829265,1637.4509999999757,https://www.producthunt.com/,18,https://producthunt.com,1031.9775390625
19049.300000000003,0,517.5,518.75,505,39,1539.3600734282913,75.86300000000006,https://techmeme.com/,563,https://techmeme.com,589.3544921875
27062.3,361,1593.1294209066318,4264.872213638029,1058.7754258304658,338,2709.4583854692814,1806.5769999999914,https://slashdot.org/,27,https://slashdot.org,2100.4697265625
14601.5,233.49999999999977,1121.0912503585746,2672.687723418804,726.2167253292237,80,958.8525921101793,692.8010000000002,https://betanews.com/,5,https://betanews.com,1912.453125
64513.9,894.4999999999995,949.0118073611934,11761.726643359154,517.0118073611934,1249,3668.8059592216923,3051.237999999996,https://www.slashgear.com/,4,https://slashgear.com,3516.7490234375
72205.3,1987.5000000000014,1663.1996613786216,9952.85404783394,1123.1996613786216,537,4220.228330128912,6119.855999999985,https://arstechnica.com/civis/,7,https://arstechnica.com/civis,5062.5478515625
67349.8,2700.0000000000055,4143.564379657244,17940.098424962933,1021.0036732211125,691,6327.062194499974,8543.516999999953,https://www.wired.com/,48,https://wired.co.uk,18666.634765625
25161.4,134.49999999999955,1589.4532880450074,3226.9286170583846,1028.0080682455357,201,2702.857921336119,1078.4450000000004,https://www.ft.com/,15,https://ft.com,2288.1376953125
9489.6,,,,,15,,1168.1299999999983,https://www.marketwatch.com/,,https://marketwatch.com,303.9248046875
54055.1,350.5000000000016,1256.5170122536379,6247.528689546176,891.0074225253466,564,2556.4872871219623,1721.3289999999986,https://www.investopedia.com/,77,https://investopedia.com,3406.513671875
51021.2,1575.5000000000027,1482.0015065072175,7018.0136447344985,1445.0015065072175,366,4187.214176914058,4235.12599999997,https://finance.yahoo.com/,544,https://yahoo.com/finance,4176.08203125
47836.9,974.5,1792.5030396820862,7492.29074100684,1152.0030396820864,383,7188.562153082411,3070.1769999999888,https://www.bloomberg.com/markets,47,https://bloomberg.com/markets,5350.5068359375
31991.9,1214.493374371862,1931.0155449317538,7186.877915254205,960.0050579348548,214,3640.500496651859,3321.6059999999748,https://www.morningstar.com/,32,https://morningstar.com,6264.4365234375
95421.1,3683.5000000000127,2139.3075793234552,17509.06429475055,1740.7411065116567,1452,5458.315064909356,11036.306999999957,https://www.cnn.com/business,233,https://money.cnn.com,9177.0859375
16221.3,46,2247.598696476653,2249.5986964766535,632.0017973946296,50,1708.1618956166221,322.27800000000013,https://www.sec.gov/,333,https://sec.gov,1323.5302734375
16692.9,27.5,2087.246084327764,2111.916157896142,583.5414817481571,51,2353.182591421302,347.23299999999995,https://www.irs.gov/,131,https://irs.gov,1561.791015625
48663.9,299,1328.360669881539,3089.321750453136,1139.0838842410813,48,1396.656640784052,1455.4559999999885,https://www.paypal.com/tw/home,4,https://paypal.com,2004.2685546875
19377.6,1076.0000000000002,4472.006940553717,4472.006940553717,832.0069405537165,108,2117.0716889035793,1911.2559999999842,https://www.revolut.com/,16,https://revolut.com,32766.3525390625
72036.3,4929.000000000002,1217.004796546541,7742.308180776603,521.0019541485908,205,4237.363529648296,6293.602999999984,https://wise.com/,58,https://wise.com,13964.5576171875
71076.79999999999,4703.997647487347,4153.018689406066,8392.567225620413,752.0028752932408,202,5339.090542759113,5771.284999999976,https://wise.com/,54,https://transferwise.com,13994.9052734375
45694.4,3968.1844377558327,1202.0001920628947,8754.451189842272,645.5076675446321,91,3587.9536431240654,7504.2560000000485,https://venmo.com/,368,https://venmo.com,7817.0576171875
50505.4,,,,708.009352096927,54,1304.7934748724906,730.9509999999908,https://cash.app/,10,https://cash.app,38795.869140625
63118,851.0000000000001,2529.5364076951673,3283.332766925651,551.0056011838718,62,3775.2278240761484,3172.446999999993,https://www.chase.com/,15,https://chase.com,1006.1962890625
26270.300000000003,1002.0000000000009,1358.837366069492,4655.65164700249,844.3382422417059,163,2595.42049192567,2693.5329999999976,https://www.wellsfargo.com/,6,https://wellsfargo.com,2999.4541015625
58804.4,3836.5000000000005,5412.013816730127,9706.255354564459,884.0014525566937,211,4764.672740153277,7759.822999999993,https://www.bankofamerica.com/,13,https://bankofamerica.com,6281.921875
37233.3,1165.500000000001,4939.13588977789,5339.687249128072,673.005761570741,165,6435.530863969126,4334.2530000000625,https://www.ally.com/,205,https://ally.com,2715.6328125
52347.6,4492.5,4994.2081842297275,10383.106581906986,1306.0023972321474,294,7246.391747498923,8563.000999999835,https://www.capitalone.com/,439,https://capitalone.com,6447.9775390625
36753.1,950,1401.965964758751,7112.578775755915,1092.5023708936926,240,3386.8284944258776,3266.3949999999954,https://www.chime.com/,225,https://chime.com,4131.3642578125
19869.8,541,5040.692687485095,5040.692687485095,1094.2645476285393,72,3954.7363953722634,1259.6989999999776,https://robinhood.com/us/en/,227,https://robinhood.com,10338.5302734375
54595.5,2036.0000000000005,2124.0167532833643,6118.800752912025,1032.0089080068192,174,3022.5022150632367,2699.699999999999,https://us.etrade.com/home,200,https://etrade.com,2733.068359375
18653,130.86137386202176,2955.41397303589,3149.8149906244457,1102.0460933877166,126,3171.157839476895,1355.4629999999956,https://www.fidelity.com/,1,https://fidelity.com,1741.9912109375
37809.8,1400.500000000001,2764.5158346694957,6325.708769896068,1113.0038621145113,200,4355.730550739356,3063.0869999999923,https://www.schwab.com/,244,https://schwab.com,3691.3916015625
27985.8,314.00000000000045,1791.033910727513,2841.0421592828557,1231.021079641427,180,1723.2597637927743,1339.9699999999646,https://www.coinbase.com/,14,https://coinbase.com,2231.6767578125
25572.899999999998,755.0503277895577,3018.913615359092,3936.9393947985627,985.3895107341527,169,1389.4310492589411,2101.6099999999956,https://www.binance.com/en,16,https://binance.com,3546.5087890625
37129.3,2189.9999999999995,1916.697887716402,7283.611052392891,1591,251,3283.9204016285735,4118.397999999945,https://www.kraken.com/,418,https://kraken.com,5405.3515625
27771.2,1455.999999999999,1431.0008374575445,4953.052679864143,792.0008374575445,241,4183.404240965401,3294.3139999999858,https://www.kucoin.com/,8,https://kucoin.com,11570.8125
35011.8,1853.5,864.0133477063173,5282.228220928009,694.0017908110844,295,2326.1004701213146,3937.32699999999,https://coinmarketcap.com/,27,https://coinmarketcap.com,5430.5771484375
58595.9,5771.5,5054,12119.2,574,307,5764.238873574154,8363.583000000403,https://opensea.io/,59,https://opensea.io,9541.765625
40052.6,1378.500000000001,3900.3708047585205,6847.585757379976,557.3980750390232,209,3814.0174903961224,3554.354999999958,https://rarible.com/all,315,https://rarible.com,23254.734375
82780.4,7641,1021.0080598233969,31159.462587043352,441.0030867408754,158,6409.048212203339,5851.876999999971,https://metamask.io/,390,https://metamask.io,3195.35546875
16726.7,350,2641.195272642015,3703.264380850478,1721.1250965362908,57,1721.1250965362908,809.1989999999994,https://etherscan.io/,6,https://etherscan.io,3630.6455078125
16228.2,431.5,2401.187548036324,3394.2590103053376,1801.1390442338266,55,1801.1390442338266,838.8670000000002,https://polygonscan.com/,9,https://polygonscan.com,3662.42578125
30442,1160.8796824690266,757.5765091189858,5539.9674678162655,401.0836991519807,140,3136.588369880358,2950.7749999999887,https://ethplorer.io/,4,https://ethplorer.io,4417.8115234375
22763,626.5000000000005,1112.0321271693547,3945.0130552160576,982.2753824371994,93,1603.5992309191647,1593.460999999997,https://www.blockchain.com/,37,https://blockchain.com,2257.6494140625
8524.5,0,627,630.6,591,17,591,72.39999999999999,https://www.gov.uk/,5,https://gov.uk,198.439453125
18083.3,242.49999999999977,908.7100876665501,2526.66008766655,576.4201753331,45,1981.1020420212851,786.5609999999996,https://www.usa.gov/,4,https://usa.gov,1216.318359375
13325.6,113,1714.7908665209968,1775.7246590915552,1068.3347161407476,33,3045.07868655391,509.20600000000013,https://www.canada.ca/,1,https://canada.ca,761.068359375
18953.1,374.5000000000002,1457.6173829079473,2113.276822267094,1108.388985370971,83,1850.3902984124238,990.6019999999992,https://my.gov.au/en/services?redirectFrom=australia.gov.au,2,https://australia.gov.au,2297.9453125
34613.799999999996,0,1511.2689185077966,1518.0402520087841,681.1400050296259,68,1920.5262803174392,147.79700000000017,https://european-union.europa.eu/index_en,6,https://europa.eu,1629.380859375
13004.7,45.5,1270.6530343272098,2356.033848384506,1010.6434109785412,24,3078.5640193572035,189.34499999999989,https://www.un.org/,2,https://un.org,1854.3857421875
16941.8,76.5,1480.5,2703.211093771348,862.2542558868556,145,1524.9870151541563,456.62600000000003,https://www.worldbank.org/ext/en/home,4,https://worldbank.org,18603.0791015625
55906.2,941,9855.555641317469,10507.018813932798,1304.2067984614202,122,4708.475486387758,2596.0539999999955,https://www.imf.org/en/home,219,https://imf.org,15854.033203125
34109.2,503.79234823627394,4630.369860097143,5020.247767608973,1510.0607950698297,129,2784.77678679306,1664.3919999999985,https://www.who.int/,6,https://who.int,5449.21875
50990.1,0,3463.1963066658946,3497.9607534618463,435.8942350302468,50,2927.7033489020723,472.45599999999865,https://cdc.gov/,4,https://cdc.gov,3904.9765625
17786.199999999997,156,3642.6342407767115,3644.756300802684,663.0884036361399,58,2538.5635329291645,569.7559999999995,https://www.nih.gov/,169,https://nih.gov,4313.802734375
15020.1,152,2461.1608716223254,2463.161006808563,485.53238571697375,61,2026.135016407178,524.4660000000001,https://health.gov/,223,https://health.gov,2906.7177734375
24456,373.5,1781.006795782076,2951.0639143638014,912.0055828046417,91,1660.1319047149836,1091.3779999999988,https://www.oecd.org/,124,https://oecd.org,2639.5048828125
31358.3,1188.3600532130117,1970.4782971836219,4911.751812945215,1671.418510035669,47,6122.951834462974,2390.431000000003,https://www.unesco.org/en,655,https://unesco.org,2206.8486328125
22269.2,1384.9787630887831,3920.17293877117,5949.794242050984,1101.0418577917483,108,2653.000827222043,3354.4869999999873,https://www.uspto.gov/,15,https://uspto.gov,5706.044921875
35389.6,89.83967879959187,3333.7828729103376,3729.275586889646,1862.5559652631046,98,5294.833682127544,1181.7719999999877,https://mohp.gov.np/,122,https://mohp.gov.np,2772.052734375
31283.3,866.0000000000001,751.0042470416381,5872.884181462885,581.0023165681663,167,3239.420167110764,2130.911999999995,https://www.ntc.net.np/,398,https://ntc.net.np,6268.7119140625
29216.100000000002,271.5,4402.120046258862,6733.796388978988,2163.0905362416597,156,8044.204252270995,1398.098999999986,https://www.nrb.org.np/,230,https://nrb.org.np,7738.630859375
21268.3,59,1085.7645967064611,2444.972804219098,615.511259968292,73,1603.2697636943428,701.6280000000002,https://kathmandupost.com/,399,https://kathmandupost.com,4869.650390625
40116.5,94.5,1566.0551785524626,3359.5597068306565,766.0188304258446,71,3718.0601805194783,592.7740000000002,https://ekantipur.com/,721,https://ekantipur.com,10266.5283203125
31763.1,183.49999999999955,2999.7070485491704,5700.851496244753,1632.002340005979,120,3495.9192423259824,1239.6369999999988,https://setopati.com/,587,https://setopati.com,4662.5
39475.6,312.61252143103843,4826.853322499912,10028.640095825951,1327.3883421447947,399,5069.520886306111,1738.9069999999974,https://www.onlinekhabar.com/,16,https://onlinekhabar.com,66047.1064453125
31084.8,141.49999999999955,1824.3830519466,3888.485688489376,1415.386648671612,189,1712.804162893207,769.2679999999947,https://www.ratopati.com/,17,https://ratopati.com,33508.884765625
30011.5,428.4999999999998,2194.53571528377,3388.762767305614,1032.0178076060367,106,1991.6381060495758,1242.9319999999993,https://nagariknews.nagariknetwork.com/,73,https://nagariknews.com,5023.8154296875
38529.9,390.5,2604.0105384020267,4572.000000000001,911,155,6893.841388246652,1781.9129999999973,https://merolagani.com/,2535,https://merolagani.com,6963.951171875
52394.4,1721.5,1601.0000000000005,6094.879584627017,553,199,2931.9614846280892,3104.1789999999883,https://merojob.com/,723,https://merojob.com,3949.8095703125
30818.399999999998,395.0000000000009,2397.0086341492015,5180.369879370157,1379.0040531053503,212,4567.024983222762,2333.5139999999947,https://www.daraz.com.np/,204,https://daraz.com.np,4603.9013671875
20803,,,,,16,,764.5519999999982,https://hamrobazaar.com/,1,https://hamrobazar.com,1262.0498046875
25807,0,1115.0202536208888,1115.0202536208888,1015.0172155777557,82,3224.5082357837964,256.76899999999915,https://khaltibyime.khalti.com/,5,https://khalti.com,4162.822265625
52879.700000000004,387.1551234967701,3064.095315161261,3085.3527790808266,1302.7320177251909,127,4889.007756682659,1709.0819999999942,https://esewa.com.np/,1,https://esewa.com.np,3676.416015625
103618,4300.500000000007,18392.801873933953,60142.48721330619,8342.556395340429,618,27415.042134153868,16726.07899999985,https://nepalnews.com/,10,https://nepalnews.com,70004.259765625
11220.800000000001,,,,,14,,0,http://ww1.himalayantimes.com/,151,https://himalayantimes.com,105.7470703125
38473.6,1518.9999999999995,7581.169615304763,8690.985478279346,2406.027882784114,388,4567.7923956284085,4517.184999999961,https://nepalitimes.com/,606,https://nepalitimes.com,8677.6865234375
17722,51.99999999999994,986.5098322516467,1047.6598447159597,396.0097076085176,107,716.4622551673682,272.1030000000003,https://thehimalayantimes.com/,159,https://thehimalayantimes.com,1574.115234375
31127.3,316.00000000000045,1918.6627649853076,3155.258932834402,768.7082660733316,184,1905.6283170626339,1478.0939999999985,https://myrepublica.nagariknetwork.com/,7,https://myrepublica.nagariknetwork.com,19848.0986328125
10328.2,0,379.5,380,374.5,6,1336.2686087108655,384.21599999999995,https://setopati.com/category/technology,2,https://setopati.com/category/technology,137.7333984375
9395.7,15,1856.3548630308512,1856.3548630308514,799.9835807740469,22,1378.7312751410623,182.4040000000001,https://www.bossnepal.com/,19,https://bossnepal.com,1137.9140625
23103.9,215.5,2357.1306013114136,3640.202841022976,1204.0246325037563,191,1826.3819956669884,697.4520000000001,https://annapurnapost.com/,206,https://annapurnapost.com,6020.6064453125
8091.400000000001,0,473.60605,473.60605000000004,208.60604999999998,5,837.1299055253918,0,https://risingnepal.com.np/,3,https://risingnepal.com.np,19.869140625
7013.8,0,241,241,211,7,442.43348374468076,0,https://nepalnews.com.np/,2,https://nepalnews.com.np,17.1962890625
7904.900000000001,0,739.5,740.95,725,18,725,5.994999999999997,https://www.gov.uk/,4,https://gov.uk/government,199.1416015625
14712.7,71,1261,1263,521,74,1917.672828785775,202.85899999999995,https://asiafoundation.org/,205,https://asiafoundation.org,924.7978515625
5967.1,0,205,205,205,1,205,0,https://example.org/,1,https://example.org,0.697265625
6079.1,0,205,205,205,1,205,0,https://example.net/,1,https://example.net,0.703125
7903.9,0,220,220,220,6,578.354591405491,0,https://news.ycombinator.com/,3,https://news.ycombinator.com,12.0322265625
25810.199999999997,490.5000000000009,3351.0395262200277,6675.077102133147,2351.026524173967,542,2560.923013344908,1272.275999999996,https://www.ycombinator.com/,22,https://ycombinator.com,12312.3447265625
7852.1,0,487,487,471,7,628.993671845328,1.791,https://news.ycombinator.com/,2,https://hackernews.com,12.455078125
12457.1,296,1546.5413217753353,1589.2862995234773,515.4977748141886,42,1330.4106681004534,849.3859999999925,https://www.producthunt.com/upcoming,3,https://producthunt.com/upcoming,863.244140625
53707.7,536.9999999999991,1637.0563935395999,4111.8086645034155,911.0286746811524,147,1528.3613809145454,1082.6829999999784,https://wellfound.com/jobs,9,https://angel.co/jobs,2431.2275390625
11091.1,74,1793.8174412905723,1793.8174412905723,664.0539005088324,39,963.5808316513559,497.22900000000016,https://stackoverflow.com/jobs,12,https://stackoverflow.com/jobs,963.0703125
19592.8,163,1238.62035837175,2873.954280416302,966.8790912963283,159,1509.202779789314,1001.0249999999983,https://www.indeed.com/worldwide,10,https://indeed.com/worldwide,1426.2275390625
29642.1,2846.500000000001,2204.8955001816093,7610.940615902906,1053.1934559083259,137,1964.370943560862,5083.850999999965,https://www.glassdoor.com/Job/index.htm,587,https://glassdoor.com/Job,3818.4677734375
21013.100000000002,347.5000000000009,954.3246020365547,5514.350814810978,740,68,4051.0255336289456,1072.8619999999974,https://www.monster.com/jobs,684,https://monster.com/jobs,3558.9736328125
18989.600000000002,188.62097172630007,1170.298413393581,1278.6145462508293,732.3145264883804,48,1411.2991973740302,535.2980000000001,https://remoteok.com/,2,https://remoteok.io,595.2587890625
30876.4,1168.969251847982,3021.082965299738,6030.124447949609,2241.0609540977666,231,2841.6033071099073,2790.779999999983,https://weworkremotely.com/,38,https://weworkremotely.com,5140.1474609375
22787,490.9986382655293,1042.1241751439234,3734.9620458787676,822.1224729758356,110,1164.2336464898779,1308.5529999999962,https://www.flexjobs.com/homevariant/t5,16,https://flexjobs.com,1860.291015625
16692.899999999998,297.9999999999998,1409.7612835427456,2375.251047594561,449.5325244970304,68,965.8688036949217,704.6839999999991,https://remote.co/,33,https://remote.co,1332.6669921875
12346,82,1088.5,1089.5500000000002,816,12,2795.9279803643058,286.296000000001,https://lookup.icann.org/,1,https://whois.icann.org,606.140625
20690.1,541.4999999999998,1471,2247.4500000000003,796.5965977994456,98,1803.830151343617,876.8449999999912,https://www.icann.org/,142,https://icann.org,1358.31640625
8627.3,2,1428.3087071784355,1428.3087071784357,730.8208099010571,17,730.8208099010571,61.80800000000001,https://www.ietf.org/,6,https://ietf.org,1236.990234375
13649.5,0,1113.927883358226,1113.927883358226,883.4415210787099,16,2797.3524339353403,0,https://www.iana.org/,2,https://iana.org,2211.333984375
23616.4,43.999999999999886,1883.6200178899749,1883.6200178899749,756.0064110677937,56,2841.1266861019276,297.58000000000004,https://en.wikipedia.org/wiki/List_of_most_popular_websites,166,https://wikipedia.org/wiki/List_of_most_popular_websites,568.4208984375
16479,0,990.8547799999998,997.5200289999998,281.76245,107,1808.8608910698072,370.19700000000023,https://archive.org/,1,https://archive.org,695.6396484375
22237.3,79.85140536733024,1676.399128435598,1739.6067702117455,1579.0092155920381,68,2463.3276874512185,556.9889999999997,https://web.archive.org/,152,https://web.archive.org,5016.5986328125
23095.800000000003,134.25445263574386,1564.3880317080534,1577.1214917159664,301.2722631787183,168,2075.2906210137885,789.7379999999988,https://archive.org/details/texts,1,https://archive.org/details/texts,1646.5029296875
15285.7,8.5,1286.0363902243594,1355.9879321830188,1001.0283720393313,90,1180.0204955708223,21.799999999999994,https://opensource.org/,18,https://opensource.org,1203.8837890625
16916.6,0,1432.0012192904865,1434.001225707805,1122.000641731835,43,4212.495610709082,8.275999999999996,https://www.fsf.org/,371,https://fsf.org,971.662109375
11600.9,98,11246.576950307515,11851.890279481697,434.09878426905414,47,1054.395295661545,517.9170000000008,https://creativecommons.org/,4,https://creativecommons.org,21414.998046875
13672.8,0,1035.730891739256,1035.730891739256,1035.730891739256,38,2447.884038397051,171.11699999999996,https://network.creativecommons.org/chapter/,397,https://creativecommons.net,474.6298828125
12908.1,0,607,607,607,18,902.218956368486,2.25,https://creativecommons.org/licenses/,9,https://creativecommons.org/licenses,119.6962890625
48524.9,114.49999999999989,1064.1985841709848,1372.5485841709847,936.6985841709845,80,936.6985841709845,435.01300000000003,https://opensource.com/,3,https://opensource.com,2630.9541015625
16626.2,85.5,1255,1425.15,1028,72,1028,92.2520000000001,https://opensource.org/licenses,13,https://opensource.org/licenses,779.2021484375
8022.900000000001,27,1166.01107930781,1166.0110793078102,622.2727618510717,27,1004.4600948902208,144.18100000000018,https://creativecommons.org/about/,3,https://creativecommons.org/about,276.3505859375
14683,215.99999999999977,1130.4817955875085,2560.8585841912322,623.1511969053065,62,1677.245918082318,932.8149999999995,https://creativecommons.org/mission/contact/,16,https://creativecommons.org/contact,2390.8779296875
11249.199999999999,313,957.726095920538,1738.652853224035,957.726095920538,32,1530.882168820639,618.6439999999998,https://www.mozilla.org/en-US/blog/,1,https://mozilla.org/blog,565.0361328125
7889.5,53,975.8696154391831,975.8696154391832,476.34942106879384,17,529.2964930866546,143.5390000000001,https://www.chromium.org/chromium-projects/,1,https://chromium.org,178.6328125
11779.300000000001,0,536,540,361,18,551.9297217487258,3.270999999999999,https://getbootstrap.com/,4,https://getbootstrap.com,213.7041015625
7514.5,0,490.1935152389554,490.34351523895543,488.69351523895546,20,488.69351523895546,2.295,https://jquery.com/,1,https://jquery.com,192.662109375
13742.5,64,1455.0192256021758,1692.823070722611,533.0036972311877,62,535.3079804057818,329.761999999999,https://react.dev/,7,https://reactjs.org,1060.48046875
12431.3,54.5,1467.7157716706042,1799.0006311873021,1467.7157716706042,15,1467.7157716706042,517.5639999999994,https://angular.dev/,7,https://angular.io,803.484375
9883.199999999999,1,527.6046199999998,780.1263839999999,485.0020999999999,70,600.1822521572622,68.70900000000017,https://vuejs.org/,38,https://vuejs.org,566.38671875
9958.4,0,562.0117540359497,566.1129294395447,361,85,392.4609663546959,126.35899999999995,https://svelte.dev/,5,https://svelte.dev,10318.4736328125
21317.1,0,962.1455063443827,962.4455063443829,787.3332807840012,22,791.7982394171869,285.2559999999985,https://webpack.js.org/,2,https://webpack.js.org,441.01953125
9122.3,19.5,488,606.5,321.5,25,598.607716754986,152.90499999999986,https://rollupjs.org/,2,https://rollupjs.org,421.7099609375
17971.6,404.2959350000004,1281.7237325000003,1825.3148112500005,473.28205749999995,117,1539.7446551994144,938.9669999999991,https://babeljs.io/,2,https://babeljs.io,1497.85546875
12266.599999999999,125,1259.0325933709282,1654.0320916244268,298.00501746501766,33,1004.7805656640028,409.91800000000103,https://emberjs.com/,67,https://emberjs.com,1134.7509765625
14263.199999999999,73,2414.9830318386125,2414.983031838613,1179.0972309118151,57,1941.6986253005239,155.6720000000001,https://www.meteor.com/,304,https://meteor.com,4866.0439453125
12798.3,5.5,365.5,408.55,313,17,545.0411793882982,64.51399999999998,https://backbonejs.org/,18,https://backbonejs.org,246.6748046875
11153.300000000001,0,321,325,281,24,1297.194718333966,3.599,https://gruntjs.com/,1,https://gruntjs.com,154.994140625
14002.1,89,1243.5712944759402,1247.5712944759402,684.8663349198004,44,1402.5267314829985,479.0119999999994,https://gulpjs.com/,2,https://gulpjs.com,723.87109375
39345.200000000004,477.49999999999955,1086.3567931561875,4190.92210918626,784.7002312241143,177,4714.688890487332,1266.8460000000007,https://circleci.com/,39,https://circleci.com,1820.1962890625
14919.6,131.5,1426.0369517467502,2405.276599982728,892.0369517467501,65,909.3847409646697,601.8369999999961,https://www.travis-ci.com/,6,https://travis-ci.org,1070.1884765625
26163.4,838.094419130947,2376.452090003052,3294.872412724916,1131.7167444990412,113,1845.6518007739694,863.3179999999991,https://github.com/features/actions,352,https://github.com/features/actions,2327.794921875
19176.6,283,2073,2216.8,402,39,1994.875472348531,663.459999999999,https://gitlab.com/explore/projects,6,https://gitlab.com/explore/projects,2105.5830078125
29669.600000000002,560.5000000000002,3362.2444015353863,5571.145467632908,913.5004831849097,123,3020.7766243359565,1204.3129999999999,https://bitbucket.org/product/,40,https://bitbucket.org/product,5422.283203125
10215.5,78,852.9609846661533,935.7109846661533,439.176590799692,25,653.673000521865,491.6390000000008,https://app.readthedocs.org/welcome/,1,https://readthedocs.org,328.2880859375
14153.4,210.5,2027.2460732260156,2363.577953902842,1036.67361550522,52,1055.9139072055268,404.6729999999974,https://pypi.org/project/requests/,4,https://pypi.org/project/requests,1949.4453125
9423.900000000001,64,874.4721316576096,901.4721316576097,442.68327899456574,18,615.8182025910662,407.42499999999984,https://www.npmjs.com/package/express,1,https://npmjs.com/package/express,322.6220703125
9081.800000000001,0,915.2042522370207,915.2042522370207,831.7838270133186,70,831.7838270133186,15.612999999999992,https://rubygems.org/,1,https://rubygems.org,562.4921875
10562.599999999999,10,297.5,509.5,297.5,15,1113.393066334731,143.61100000000008,https://packagist.org/,17,https://packagist.org,327.462890625
8771.699999999999,0,376.1669755572193,376.1669755572193,376.1669755572193,14,538.733561237147,5,https://maven.apache.org/,1,https://maven.apache.org,201.501953125
50304.5,314.00000000000034,403.25052540192445,3105.7247668413465,377.21920972668397,62,630.8072970332596,1081.5709999999988,https://gradle.org/,4,https://gradle.org,3830.7685546875
7533.4,0,455,455,428,21,429.32266597311923,1.7259999999999995,https://docs.python.org/3/,2,https://docs.python.org,41.119140625
18519,0,2936.6340387984314,2936.634038798432,2936.6340387984314,89,2936.6340387984314,23.973999999999997,https://www.ruby-lang.org/en/,6,https://ruby-lang.org,4073.955078125
14387,0,574.8589906428565,574.8589906428565,496.4871925142852,45,2194.9610524659606,170.38800000000006,https://www.php.net/,2,https://php.net,888.4130859375
29089.8,407,1281,3595.701747893395,601,63,1039.3847643621439,1354.620999999995,https://laravel.com/,50,https://laravel.com,16202.1025390625
13641.2,0,654.0090609850971,656.0090945443012,581.0083898010158,38,1489.2489171077225,92.35200000000019,https://symfony.com/,580,https://symfony.com,406.8017578125
7476.900000000001,0,963.7919294700644,963.7919294700644,676.7919294700644,16,714.6176432629456,2.83,https://www.djangoproject.com/,2,https://djangoProject.com,394.310546875
64840.7,6618,1152.9665586004007,9758.479935160241,289.1799351602404,20,2015.5678519248802,9106.108000000017,https://flask.palletsprojects.com/,2,https://flask.palletsprojects.com,351.3681640625
16995.600000000002,0,2626.205448542347,2664.205448542347,1246.205448542346,90,1246.205448542346,276.90099999999984,https://fastapi.tiangolo.com/,5,https://fastapi.tiangolo.com,3197.98828125
16672.1,524.9999999999999,1086.3997016426972,2129.4097560729615,503.6994804797399,70,892.7012867728855,1234.931,https://spring.io/,19,https://spring.io,1576.0146484375
23223.5,10.499999999999886,1598.5851261399603,2058.1386524266086,1128.1364266261048,53,2834.487384267907,271.8280000000001,https://dotnet.microsoft.com/en-us/,277,https://dotnet.microsoft.com,1245.68359375
12814.4,65,1164.1479171324802,1678.1497609643038,960.1457479185706,69,1061.3010151323215,338.2059999999999,https://go.dev/,3,https://golang.org,847.4599609375
7361.5,0,321.5,321.5,281.5,22,359.3402690025966,1.5180000000000002,https://rust-lang.org/,3,https://rust-lang.org,138.736328125
12987.599999999999,234,1191.94246,1325.9981200000002,991.99812,14,1511.6396607936615,589.4729999999988,https://crates.io/,1,https://crates.io,690.7724609375
34502.1,567.9826956161069,1030.0115362559288,2715.4232298244387,604.0041950021559,103,2868.0456416584775,889.5979999999976,https://deno.com/,307,https://deno.land,2709.6162109375
78358.8,1363.4999999999984,2448.8749732656393,16369.80676549816,831.0029563521379,254,7062.3809285273965,10244.313999999971,https://www.cloudflare.com/,24,https://cloudflare.com,11633.1728515625
62690.5,909.3475496205715,2009.5,5481.361202790392,1034.0004824392518,203,2091.878884974199,2997.27399999999,https://www.fastly.com/,35,https://fastly.com,2832.701171875
22108.9,771.4999999999998,1569.0837607672984,3352.330157996505,672.023985532079,103,2263.1547134294515,1725.1100000000033,https://www.akamai.com/,9,https://akamai.com,2326.74609375
7002.799999999999,0,236,236,236,1,482.81651662389436,0,https://stackpath.com/,,https://stackpath.com,0.630859375
12975.800000000001,130.34795238012623,852.0038692184537,1638.7150219665489,638.0009324122177,56,1546.2292304501539,458.69500000000176,https://domains.atom.com/lpd/name/stackpathcdn.com,11,https://stackpathcdn.com,635.283203125
24103.699999999997,110.5,874.6974806850956,1148.0844608659838,794.6974806850958,72,986.9615929070516,760.1199999999978,https://www.jsdelivr.com/,3,https://jsdelivr.com,689.83984375
11302.9,162,1620.518926240301,1620.518926240301,361.22202173123617,25,581.6927963776252,456.5579999999999,https://cdnjs.com/,4,https://cdnjs.com,559.5478515625
8026.799999999999,47,590.6968549113665,906.6968549113665,256.5958065484885,11,256.5958065484885,200.4820000000001,https://unpkg.com/,2,https://unpkg.com,288.3837890625
6163.4,0,471,471,440,4,440,0,https://www.google.com/amp,1,https://google.com/amp,13.6142578125
11476.1,1,713.580635147702,789.9306351477019,687.580635147702,37,687.580635147702,278.4849999999992,https://amp.dev/,55,https://amp.dev,782.83203125
8252.1,20,762.4623073670016,1000.1663263413725,653.8896874909403,26,664.7202587668708,107.61599999999999,https://schema.org/,2,https://schema.org,431.43359375
13248.6,0,522,522,482,27,1633.3555153536995,41.737,https://microformats.org/,54,https://microformats.org,119.1728515625
14066.9,295.5,1062.2329537332066,2626.0886204628796,866.4389380703162,55,1595.5094461250396,1141.9799999999998,https://developers.google.com/speed,4,https://developers.google.com/speed,1687.1630859375
7000.599999999999,9,725.0094741884193,933.8594774816668,516.0128852908052,16,516.0128852908052,212.92999999999992,https://pagespeed.web.dev/,6,https://pagespeed.web.dev,414.34765625
22148.8,843.5012717068375,905.7298158964851,4010.700513186005,885.7292570750365,102,1627.5465268862054,2310.062999999997,https://web.dev/,4,https://web.dev,3609.9638671875
23959.199999999997,944.9987387091296,2147.5329534654747,4268.926822214609,1115.725510878481,98,1655.6458453843238,2455.1009999999987,https://web.dev/,4,https://developers.google.com/web/fundamentals,3610.162109375
12529,0,3224,3226.0000000000005,1884,59,2265.9643464242727,10.944999999999999,https://developer.apple.com/,8,https://developer.apple.com,5146.1396484375
16015.400000000001,7.5,1202.707848625872,1205.841226864132,984.345056480825,35,1773.30831023925,140.797,https://developer.microsoft.com/en-us/,7,https://developer.microsoft.com,661.671875
59000.200000000004,497.9999999999991,5091.016685531516,6378.524758699799,887.1324459005807,271,3903.3988140595825,1623.6739999999993,https://developer.ibm.com/,1,https://developer.ibm.com,3586.7685546875
17330.5,101.50000000000023,3537.4376349528366,3692.132989538216,1106.5025121263902,73,3028.7264589984434,633.2050000000004,https://developer.amazon.com/,366,https://developer.amazon.com,3395.982421875
23915.7,291.99999999999955,1965.802310350526,3968.918174175859,1245.0041051424244,109,2042.853008274464,1262.2759999999992,https://developer.android.com/,6,https://developer.android.com,3915.98828125
20923.699999999997,132.5,2601.7252779401815,2710.580640807016,855.9317225286821,53,4048.082823834608,646.4879999999977,https://developer.apple.com/documentation,,https://developer.apple.com/documentation,14211.5107421875
50008.3,3948.4977870576568,2161.1080838090525,17203.415427168093,965.7103431035284,229,5693.794008946701,8794.99800000004,https://developers.google.com/maps,9,https://developers.google.com/maps,13793.302734375
33071.1,466,13223.917657973943,13510.229717434802,802.1077887015899,131,4381.064410570455,1057.5770000000002,https://developers.facebook.com/,400,https://developers.facebook.com,21608.72265625
15671.7,264,3045.5397269426985,3047.7788817561222,1129.6802514901306,34,3183.433087170516,711.0669999999889,https://developer.x.com/en,5,https://developers.twitter.com,1776.80859375
19589.5,13.402354822821735,3711.7663757749465,3766.1466377873458,1382.866265216985,37,2586.691489023981,516.364,https://developer.microsoft.com/en-us/windows/,3,https://developers.microsoft.com/en-us/windows,6644.6640625
22228.1,137.50000000000023,1082.0239343156702,1283.8123802038638,794.770522280146,118,1665.1233808188122,737.4489999999984,https://stackoverflow.blog/engineering,187,https://stackoverflow.blog/engineering,1223.0107421875
9957.1,10.5,955.2921364176084,1021.3162376720611,388.10224774616285,36,416.16955848610917,142.07500000000005,https://engineering.fb.com/,15,https://engineering.fb.com,1353.6572265625
12380,0,1979.8380422350365,1984.5944974841232,932.5164199269066,35,2529.0458496421074,179.84700000000012,https://blog.x.com/engineering/en_us,176,https://engineering.twitter.com,2858.0078125
29206.7,4398,1337.7057863131467,6873.734196811261,574.3680893467892,107,5013.00163555341,7214.075000000016,https://medium.com/tag/performance,11,https://medium.com/tag/performance,2885.154296875
8072.9,0,433,433,433,6,1091.1960246426263,0,https://www.perfplanet.com/,1,https://perfplanet.com,47.6767578125
18671,129,2012.0026048461086,2475.0758925262617,1375.7075604034394,93,1375.7075604034394,432.8679999999998,https://workspace.google.com/intl/en-US/products/calendar/,11,https://calendar.google.com,2246.6083984375
13179.5,390.00000000000045,1302.0954310479858,2227.7954310479863,1302.0954310479858,23,1310.7134883462688,1146.4139999999918,https://accounts.google.com/v3/signin/identifier?continue=https%3A%2F%2Fdrive.google.com%2Fdrive&dsh=S693374%3A1766474584398791&followup=https%3A%2F%2Fdrive.google.com%2Fdrive&ifkv=Ac2yZaVgq3BbX6CymU5-o5V5ZvB4Xi12j9Qwm06NhoD_v5zb9lQAUZSR0f5p8wc6-DscJz_jndZKBA&osid=1&passive=1209600&service=wise&flowName=GlifWebSignIn&flowEntry=ServiceLogin,233,https://drive.google.com/drive,758.138671875
12941,309,1463.0928196544314,2130.5928196544314,1395.0928196544314,25,1967.7323764040007,882.1319999999969,https://accounts.google.com/v3/signin/identifier?continue=https%3A%2F%2Fmail.google.com%2Fmail%2Fu%2F0%2F&dsh=S1815202791%3A1766474604152116&emr=1&followup=https%3A%2F%2Fmail.google.com%2Fmail%2Fu%2F0%2F&ifkv=Ac2yZaWHsaUfqWIFyxs4Xv6JcCrslCU7aOVDT-ax4KOWXA86-GMXFndpeDHZTecIYOfqh2rWQUsM&osid=1&passive=1209600&service=mail&flowName=GlifWebSignIn&flowEntry=ServiceLogin,203,https://mail.google.com,757.78515625
40367.200000000004,,,,,107,,,https://www.microsoft.com/en-us/microsoft-365/outlook/email-and-calendar-software-microsoft-outlook?deeplink=%2Fmail%2F0%2F&sdf=0,20,https://outlook.live.com,2269.2236328125
16819.5,34,3059.021060428714,3060.971060428714,2645.021060428714,35,2645.021060428714,,https://login.microsoftonline.com/common/oauth2/v2.0/authorize?client_id=9199bf20-a13f-4107-85dc-02114787ef48&scope=https%3A%2F%2Foutlook.office.com%2F.default%20openid%20profile%20offline_access&redirect_uri=https%3A%2F%2Foutlook.office.com%2Fmail%2F&client-request-id=b7e2c996-865d-7bec-8a31-8a62a4ad7cd7&response_mode=fragment&client_info=1&prompt=select_account&nonce=019b4a18-5fd8-7a5f-8e20-b23a9f51f0ba&state=eyJpZCI6IjAxOWI0YTE4LTVmZDgtN2RlMC1hN2I5LWVkZDE0ZTNkM2M4ZiIsIm1ldGEiOnsiaW50ZXJhY3Rpb25UeXBlIjoicmVkaXJlY3QifX0%3D%7CaHR0cHM6Ly9vdXRsb29rLm9mZmljZS5jb20vbWFpbC8&claims=%7B%22access_token%22%3A%7B%22xms_cc%22%3A%7B%22values%22%3A%5B%22CP1%22%5D%7D%7D%7D&x-client-SKU=msal.js.browser&x-client-VER=4.26.0&response_type=code&code_challenge=yg50ZwomAETFX9HwpOCHcHbLbvkuemHCUuF6yQy_wak&code_challenge_method=S256,42,https://outlook.office.com,2251.3994140625
26678.1,60,670.7772440573879,1251.3500000000001,321,181,1297.8580196592677,513.9819999999993,https://proton.me/,115,https://proton.me,1736.2392578125
24590.2,47,891,1333.8500000000001,551,165,2871.8400373102886,479.5799999999976,https://proton.me/mail,272,https://protonmail.com,1282.6982421875
18090.1,599,1824.673270929938,1824.673270929938,460.2390387042769,23,1516.327611797962,789.0519999999971,https://www.icloud.com/,3,https://icloud.com,3236.6171875
68701.40000000001,1755.3014126658472,1300.008151153666,9359.09041002221,507.70009680705436,462,3661.70096925512,5312.875999999953,https://mailchimp.com/,14,https://mailchimp.com,4595.2685546875
53537.299999999996,358.00000000000045,3813.437882966443,5044.47210144752,858.9009571226277,162,2907.7382321613363,1508.0569999999975,https://sendgrid.com/en-us,174,https://sendgrid.com,3111.46484375
53912.6,362.7943677404518,703.887595996481,2957.3237122833184,277.887595996481,89,1920.6699411545887,2334.6779999999985,https://postmarkapp.com/,3,https://postmarkapp.com,1376.703125
9955.199999999999,0,712.0003051757812,716.1003356933594,519,25,856.9098782203795,41.0650000000001,https://www.mailgun.com/,14,https://mailgun.com,238.73046875
63405.6,1585.992732491503,5876.204735506609,8703.38680449096,1521.1291365215857,277,4729.57110126812,4616.82199999998,https://www.twilio.com/en-us,18,https://twilio.com,5106.9609375
76378.09999999999,2524.988910267647,2138.3418364672216,7852.619422234954,334.00661691617245,242,3694.862671060985,8332.278999999968,https://plaid.com/,36,https://plaid.com,4683.8017578125
76867.8,4073.500000000002,1362.0868198733012,10489.927776146622,916.9027325987463,454,5968.174321927836,7134.169999999967,https://squareup.com/us/en,71,https://squareup.com,17822.7646484375
102240.40000000001,4194.494139111426,921.0111889690977,21943.021608163064,761.0090577368886,424,9578.298677898776,6950.227999999979,https://quickbooks.intuit.com/,409,https://quickbooks.intuit.com,7849.1552734375
32445.4,1564.499999999999,1561.0079505005574,5581.460828456368,843.9569272299009,174,2351.582407690242,3776.6289999999917,https://www.freshbooks.com/,124,https://freshbooks.com,4282.046875
59798.6,2280.807666560397,1463.6251202670978,7692.121829314176,964.1369084400658,225,2608.2421678211003,5199.2509999999365,https://www.xero.com/us/,13,https://xero.com,4276.673828125
19778.3,34,2502.553814107463,2527.07201436555,754.0648864812568,107,2554.855322421844,342.88700000000017,https://www.zoho.com/,2,https://zoho.com,2357.5986328125
15351.400000000001,0,1123,1123.2,506,113,1002.9312036080511,24.186,https://basecamp.com/,5,https://basecamp.com,2790.916015625
77119.9,1430.1082250976046,6886.066706141544,10222.786836132229,401.00405569694726,450,4059.630659511302,4387.363999999965,https://monday.com/,206,https://monday.com,14306.654296875
12179.5,640.4833600017619,1399.781098030794,1808.7402158080076,473.61483981069455,46,1237.5835821233104,400.5650000000001,https://jira.atlassian.com/,1,https://jira.atlassian.com,1233.947265625
17903.1,194.5,2112.8366845430364,3292.5189212454543,1635.71492948259,103,1859.7984579227273,1102.1169999999993,https://confluence.atlassian.com/alldoc/atlassian-documentation-32243719.html,4,https://confluence.atlassian.com,1363.1318359375
27083,401,1905.4912082467802,2625.0958146707517,1033.9178135646036,168,2160.1193499903566,537.9520000000001,https://github.com/trending,356,https://github.com/trending,1332.06640625
17635.3,287.0000000000002,1265.0966962499997,2248.9043224999996,439.85937999999993,37,1715.4556458856325,633.9989999999988,https://gitlab.com/explore,6,https://gitlab.com/explore,2095.2763671875
9639.2,63,1667.7621782508186,1669.7622870485225,644.0304633570378,39,925.9398536644601,238.4960000000003,https://stackoverflow.com/explore,6,https://stackoverflow.com/explore,963.8759765625
22240.5,313.49028180541177,1552.0469404159269,3998.7557008158874,1292.0311483497203,70,2414.0006010175866,1902.6229999999996,https://www.reddit.com/r/learnprogramming/,321,https://reddit.com/r/learnprogramming,2137.5810546875
15592.199999999999,354.5,1533.4278590065865,3473.3236946809448,1216.09693300494,67,2415.0382761444707,1021.1469999999977,https://www.nature.com/,19,https://nature.com,1570.759765625
48237,121,882.004428659553,2329.349538807174,802.0040551609977,65,2112.7526556927924,1027.9600000000005,https://www.sciencedirect.com/,19,https://sciencedirect.com,1599.2568359375
17542.4,242,2116.9708452514524,3231.85818654117,1366.139227842616,40,1993.6804767544354,708.5159999999989,https://link.springer.com/brands/springer,26,https://springer.com,1635.0244140625
34615.4,1101.2500000000005,10172.05624770071,10556.10088273971,1009.8679299203395,167,4573.94982702793,3083.9849999999915,https://www.acm.org/,687,https://acm.org,15158.3232421875
7673.6,0,321,321,321,11,490.3848751425743,2.072,https://arxiv.org/,51,https://arxiv.org,134.1025390625
13602.7,165.9999999999999,971.3531812421903,1291.2031812421903,440.67659062109516,21,1080.6749888639615,768.4269999999984,https://www.biorxiv.org/,2,https://biorxiv.org,345.560546875
13042.7,10,1266.3832958724959,1266.383295872496,761.8948225998788,29,1354.2503167156433,292.3470000000002,https://www.medrxiv.org/,2,https://medrxiv.org,662.533203125
33638.4,540.5000000000005,6331.480430430536,7362.66024208371,1470.0190651161965,155,3239.364141111517,1862.897999999998,https://www.who.int/news-room,5,https://who.int/news-room,13888.4580078125
45922.4,109.99999999999977,2654.7786346830057,2654.7786346830057,593.0134313003629,36,2139.1505074857464,306.29900000000015,https://www.cdc.gov/coronavirus/,40,https://cdc.gov/coronavirus,1857.7197265625
15938.6,101,2011.005107997611,2202.0071511966553,636.0040863980888,48,2602.60592140103,334.92100000000033,https://www.nih.gov/research,232,https://nih.gov/research,1053.177734375
14930.699999999999,92.50140946132558,1959.1095153668275,1963.109515366828,855.8273737470759,107,2007.352425410914,760.1189999999972,https://clinicaltrials.gov/,9,https://clinicaltrials.gov,1770.0126953125
11830.1,86.5,637.9318891228517,1892.443904661197,448.4235449990008,42,1020.3351647773529,532.0210000000002,https://pubmed.ncbi.nlm.nih.gov/,22,https://pubmed.ncbi.nlm.nih.gov,815.595703125
16631,43,1951.776411912739,2604.0677711635763,654.1467441694585,55,2740.599494025121,423.77000000000055,https://www.nih.gov/news-events,72,https://nih.gov/news-events,1364.4833984375
25108.600000000002,372.9999999999993,1871.0399532432111,2839.069909472908,1190.745761705804,269,2222.2011665570017,1338.3449999999993,https://medicalxpress.com/,178,https://medicalxpress.com,2014.943359375
49099.2,1235.1826345003076,2120.7730718622774,9556.074644550057,752.0164006704059,733,4081.2020947779915,4439.854999999991,https://www.webmd.com/,16,https://webmd.com,5441.75
22277.6,1200.4664532331644,2213.067336542666,4200.289154403383,871.0003840272493,88,3408.742664793759,2888.4719999999966,https://www.mayoclinic.org/,25,https://mayoclinic.org,2508.80859375
27318.4,852.4999999999995,1953.0120522240416,6274.750021732784,1513.0096624224152,174,2952.703581339475,2608.775999999997,https://www.healthline.com/,21,https://healthline.com,10922.7001953125
35836.700000000004,1151.8008227406044,1035.947447575537,7357.500159475797,1012.3282944461646,469,2203.4537483942972,3628.65599999999,https://www.verywellhealth.com/,45,https://verywellhealth.com,2922.4130859375
21780.699999999997,615.9997670776661,1912.0023292233368,3963.002585437904,1552.0023292233368,130,2817.511059752559,2163.3789999999935,https://www.medicalnewstoday.com/,100,https://medicalnewstoday.com,3109.3837890625
15740.199999999999,0,1428,1428,1428,28,3200.8567580017825,7.359999999999998,https://www.fitness.com/en,466,https://fitness.com,6743.6845703125
37607.1,1205.0000000000014,2991.0373578560802,7794.227409762434,825.0079149810945,296,3103.5133342241497,3665.7789999999886,https://www.menshealth.com/,32,https://menshealth.com,5737.7734375
39650.899999999994,1404.000000000001,1736.0258388953162,7464.716198789616,820.0044143945843,291,3124.6132203132756,4107.751999999985,https://www.womenshealthmag.com/,36,https://womenshealthmag.com,5534.8681640625
31390.2,562.5,981.0049376205708,7142.58192811709,901.0049376205709,510,2045.713442065889,2921.361999999994,https://www.shape.com/,52,https://shape.com,3715.64453125
70375.5,2989.500000000002,2071.0166382826524,11714.263614984953,631.003246494176,260,7360.366985216043,4876.1799999999885,https://shop.bodybuilding.com/,30,https://bodybuilding.com,9070.0380859375
18718.2,461.4999999999998,952.1278764873368,3393.695776971568,641.7485073963595,94,1873.421868848957,1039.9099999999974,https://smokefree.gov/,3,https://smokefree.gov,1627.0185546875
18901.5,270.50000000000045,1242.7277899143473,3182.5090178418363,272.00596060760006,117,1911.8094918443758,959.0959999999991,https://alcohol.org/,11,https://alcohol.org,2298.43359375
29852.399999999998,946.0000000000014,3003.0220028916574,5714.929047635496,670.0045431123267,233,3154.592608584259,3168.3459999999955,https://psychcentral.com/,8,https://psychcentral.com,3491.396484375
24050.199999999997,560.4256440043871,2174.467162177576,3904.1061543302417,1443.5901536511326,106,3110.795699707372,2123.606999999999,https://www.goodreads.com/,3,https://goodreads.com,2516.1611328125
28401.8,512.0000000000001,1986.5248064749749,3427.774259906951,802.0138765594671,149,1348.1405735617263,1384.7050000000002,https://bookmeter.com/,42,https://bookmeter.com,4389.0029296875
9874.300000000001,568.0504589713762,485.59632822899135,1843.2505494936636,435.69724617174353,17,697.9342742463361,1138.1879999999985,https://www.google.com/sorry/index?continue=https://books.google.com/&q=EgRC-VKhGOKZqcoGIi1E-F1WMLZwP3lRtOTF9aW9s9XA_600B8upOUiR2Iyrjra3HcM1RG6mJnUgvE8yAnJSWgFD,,https://books.google.com,1636.19921875
18616.1,0,748.2513899849077,748.2513899849077,422.2501538690532,22,4132.295137717754,238.11299999999977,http://ww38.projectgutenberg.org/,1,https://projectgutenberg.org,182.509765625
9622.5,0,361,361,321,35,1108.363089004129,1.5639999999999998,https://gutenberg.org/,5,https://gutenberg.org,563.64453125
8267.1,0,466,466,466,2,1315.297258328398,0,https://www.overdrive.com/,1,https://overdrive.com,1.154296875
34448.4,1647.0000000000005,2217.0394133783525,5317.291520093868,1878.835693796842,120,4125.215075444165,3922.9290000000096,https://www.everand.com/books,342,https://scribd.com/books,3340.8671875
36781.200000000004,546.9999999999984,3442.712705126971,8205.290698210987,1250.5100464420811,478,4359.234197432711,2018.114999999991,https://www.audible.com/,358,https://audible.com,7258.27734375
13683.7,0,560.9511990551865,560.9511990551865,501.7398214873673,26,2160.4351061660473,21.944000000000003,https://librivox.org/,2,https://libriVox.org,245.0634765625
