url,requested_url,timestamp,LCP_ms,FCP_ms,TBT_ms,CLS,TTI_ms,SpeedIndex_ms,TTFB_ms,noOfRequests,pageSize_kb,javascriptExecution_ms,loadTime_ms
https://www.google.com/sorry/index?continue=https://google.com/&q=EgRC-VLJGJuM0csGIin5VDM-ST7IY7MDoHGXXHHaNNw8bHPZaBpf7GvMTXuxGmHlf40Gl6etGTICclJaAUM,https://google.com,2026-01-24 09:55:11,485.5984593934305,434.6988445450729,376.05019257582114,0.004170562997986165,1664.1428624083849,620.5865934213318,1,17,1645.802734375,959.2079999999988,8798.1
https://www.youtube.com/,https://youtube.com,2026-01-24 09:55:53,4713.002918815703,4083,1340.499999999999,0.02982605116781169,6678.049999999999,4524.235520690794,234,143,3367.212890625,5090.970999999971,36454.299999999996
https://x.com/,https://x.com,2026-01-24 09:56:21,4026.002749112168,366.0027491121685,1166,0.0006417987556195444,4122.352749112169,3605.4135248757048,69,83,2903.2666015625,2893.1129999999594,16413.7
https://www.linkedin.com/,https://linkedin.com,2026-01-24 09:57:16,792.0285712105039,712.0268055628018,301.9964687045957,0.0021478291986797523,2456.795219613339,1365.2431781727755,6,66,839.7548828125,1214.165999999999,17668.1
https://x.com/,https://twitter.com,2026-01-24 09:57:38,3908,605.0027566557249,1047,0.0006417987556195444,3996,3308.8741146478915,79,84,2914.115234375,2417.2209999999577,17212.7
https://www.reddit.com/,https://reddit.com,2026-01-24 09:58:08,1509.5401590958284,1081.4732686969292,224.99999999999977,0.06547119227086748,3743.2069491549746,2026.5569132758385,319,76,2364.796875,1728.8769999999954,24971.1
https://www.wikipedia.org/,https://wikipedia.org,2026-01-24 09:58:24,883,724,95,0.0006769821848914056,883,1800.7001912644282,142,8,184.4072265625,16.73999999999999,9867.5
https://www.amazon.com/,https://amazon.com,2026-01-24 09:59:16,4361.398720681108,917.3950360654158,667.0000000000005,0.3924468563567893,6807.271066515996,4994.922093558373,568,474,17086.9208984375,3053.295000000026,45820.8
https://www.ebay.com/,https://ebay.com,2026-01-24 09:59:51,1644.1399018226202,1139.2955636582508,492.5000000000002,0.0049955614065744156,5025.182860844334,3462.4446589279755,594,159,4109.0498046875,1583.1019999999965,29621.6
https://www.walmart.com/,https://walmart.com,2026-01-24 10:00:32,1368.510757006595,918.6151832803425,1194.499999999999,0.00539391104659995,5728.967318520376,1786.593829425231,42,521,65892.0078125,3050.7679999999627,34907.7
https://aliexpress.com///_____tmd_____/punish?x5secdata=xf4CzAqJH9-jZwwMXa91JblEd1SnT3z3mBjhKys1e62eJ1CsRm7xcHNNtkBfpX_MU1dth11WdhjhMnRvjaK3RtDDcQdpklSgAkghfQj-0WwBiK46wiPdE06vcInLsQMIpGuWf-bf9FslVsa2EjlWl7_rE4j7FH4oa0zhVvQ14CFBNAc13WXZhjccIpS6tOzj3Kl_20Gq0IBv8L0NG1VEoSkEwp4RjskBla2ROW3MmoN-eVCXY2nWfNWWL__4SEJh3XMqoz-gWXaUDqKclHLUwJ4gpIGe5Ik5G8ZP7uXB9OkJaqWb-eCjEwI2x4ypQC6cCtQKmb4AkjibLzPB5DSIIWNQCgelpxjdIdLx30ZKTsRnPtKNY_47VmAMrOGC4G2FcS34k6MoGVc2BzeVheNvSzSXzaY6xOfaVsNxW6GNtf9NDL4FRq488SR_qAC4ac3Zza_GJD4BF5nLT5rnzAdmnKm6ij1jgqdahKYgrCuFJCu29hmy6v9LUAEENhyuvAVpjWmeYHwi5S4XD8okW27r9bam_0SJo4BHrxwy7P6c5I6zFhLZhsCCUAluVwiSM51I-zB4OpnosCC7QjvCJE9jBWU3HXgUzbhgZLJI_Z-SQz3aRWrBS1_PEd_hB_hqTS6MMbhnoHL5lOLEILzSZmb00BoJg8G20hJu5fKwqtrd_XIJyUyA8FvUaUjC0QgRcV9EbVjYsRojHm6kZQicAlhV0EvQ__bx__aliexpress.com%2f&x5step=1,https://aliexpress.com,2026-01-24 10:00:49,1352.4073838160184,639.7053691084672,893.0000000000001,0.008226950354609928,2542.1089752994512,2155.6997780102665,188,39,588.6416015625,1614.0369999999998,11436.1
https://www.bing.com/?toWww=1&redig=C02DBF635D7C46C991D6AC3A591AA0DF,https://bing.com,2026-01-24 10:01:26,1444.176807860967,782.594846191326,1021.9999999999977,0.13614941160986016,5793.996011442239,3420.8647613863777,235,275,5195.4208984375,3374.99099999999,31004.6
https://duckduckgo.com/,https://duckduckgo.com,2026-01-24 10:01:52,542,362,598.990963935852,8.426475705869696e-05,2279.1099396705627,1856.2446552030274,339,117,2525.6298828125,1193.3569999999834,20344
https://www.yahoo.com/,https://yahoo.com,2026-01-24 10:02:57,2589.013376234907,1100.003661294082,1867.5000000000018,0.010113589187314566,12310.155638721586,7247.181535578222,532,737,8507.650390625,9399.652999999973,59919.399999999994
https://www.baidu.com/,https://baidu.com,2026-01-24 10:03:34,2937.771365413435,801.1294692126088,196.99999999999955,0.061829524560021006,2953.592415364728,4545.3835277276885,34,108,3008.0908203125,842.7339999999995,30943.8
https://yandex.com/,https://yandex.com,2026-01-24 10:03:56,297.5,294,0,0,297.85,1410.788985054925,757,38,510.857421875,194.88900000000018,17061
https://www.netflix.com/,https://netflix.com,2026-01-24 10:04:23,1736.0037291855067,869.0025337340105,1196.4857844577837,0.0042128615285011595,6688.400988974643,2481.93316694272,308,83,4782.716796875,3046.026999999968,22504
https://open.spotify.com/,https://spotify.com,2026-01-24 10:05:07,6778.714152946566,3618.988695973492,2046.0000000000005,0.7359850970252168,8694.706352229614,6507.400246335605,2,202,5786.416015625,5364.246999999985,38231.2
https://soundcloud.com/,https://soundcloud.com,2026-01-24 10:05:47,4238.559364466009,1044.5321887766015,1917.000000000001,0.057228425918713244,8126.094276253352,4215.408306317503,253,189,6496.9775390625,4893.102999999994,34054
https://www.twitch.tv/,https://twitch.tv,2026-01-24 10:06:21,3580.0256986551835,830.0043767719364,1652.9948563466614,0.0014559845897907364,5259.629310979437,3675.454698002023,79,245,3930.7021484375,4821.7489999999625,28194.699999999997
https://vimeo.com/,https://vimeo.com,2026-01-24 10:07:18,3223.0021837975373,1123.0021837975376,3897.0044129899434,0.00721337092679095,11670.611313170488,5087.043409802931,236,251,44678.1552734375,7197.118999999959,51648.8
https://www.disneyplus.com/en-tw,https://hulu.com,2026-01-24 10:08:01,5534.148746364149,1264.5029419071602,1994.5000000000018,0,9183.068294718865,4047.496576359762,27,254,5731.861328125,4214.384999999835,37387.8
https://www.disneyplus.com/en-tw,https://disneyplus.com,2026-01-24 10:08:47,5228.108742276394,1067.0050036200619,3074.000000000001,0,10291.897781268259,4114.26529582879,24,257,5796.1142578125,6100.289999999806,39764.7
https://github.com/,https://github.com,2026-01-24 10:09:36,2067.982829455249,1523.9170226804995,3645.500000000002,0.0021848166423574645,9733.758860530688,3391.7521421348465,537,138,5675.8359375,1477.0509999999954,43745.2
https://about.gitlab.com/,https://gitlab.com,2026-01-24 10:10:10,1851.0130705954102,1271.0081479036323,1012,0.018373183413155265,4626.6148699241285,2088.698987479408,10,136,3707.455078125,2589.1429999999746,28906.4
https://bitbucket.org/,https://bitbucket.org,2026-01-24 10:10:57,1761.7156775342398,999.0094253422495,1354.1958226381987,0.04413778982642723,6325.001557358386,3103.3286407996184,41,121,5593.31640625,2305.443999999999,40512
https://stackoverflow.com/questions,https://stackoverflow.com,2026-01-24 10:11:23,2669.2160641524897,695.2748181770693,499.99999999999955,0.005032103368279491,2671.993228281508,1677.0260498270268,33,71,1445.138671875,989.7229999999998,20367.3
https://medium.com/,https://medium.com,2026-01-24 10:11:43,1020.0732226389441,489.1555332750773,826.5,3.598683346467034e-05,2781.2941859977436,892.3257869456038,4,32,2025.37109375,2168.0519999999915,14481.2
https://www.quora.com/,https://quora.com,2026-01-24 10:12:03,1321.5515310033993,668.9082901637945,90.49999999999989,0.037037037037037035,1415.417206110942,2218.7118404487182,101,27,1801.0634765625,528.7059999999967,14459.7
https://wordpress.com/,https://wordpress.com,2026-01-24 10:12:23,1272.033497626423,646.0167488132115,88.5,0.00019168762943642942,2709.128286784134,809.1463627680353,47,70,3051.9267578125,540.5670000000002,14634
https://www.tumblr.com/,https://tumblr.com,2026-01-24 11:00:06,7611.98714713605,796.0129017579868,1410.9999999999993,0.03878985510680955,7673.850724411321,3116.0892696649107,17,484,8703.1171875,2908.3799999999683,52973.8
https://www.blogger.com/about/?bpli=1,https://blogger.com,2026-01-24 11:00:26,1612.4161278614706,1346.1147395918165,0,0,1614.4161278614706,1671.8026084032974,10,56,1815.5712890625,5.244999999999999,13701.9
https://www.pinterest.com/,https://pinterest.com,2026-01-24 11:01:06,5016.429000872325,1846.0812786650258,595.4973244590667,0,5837.562980041569,5441.119324578503,343,276,10768.4365234375,2776.4439999999945,35229.2
https://www.paypal.com/us/home,https://paypal.com,2026-01-24 11:02:39,2961.385416241993,1170.2430254139977,546.5000000000005,0,3955.6047750212215,2493.136141221563,14,92,2463.2294921875,2848.3039999999855,25676.9
https://stripe.com/,https://stripe.com,2026-01-24 11:03:20,1233.2975881726325,933.2967108045024,644.9993419739027,0.0032743644911945174,2615.347467534515,1444.4870083787212,221,270,1295.51953125,1323.5980000000166,35214.3
https://www.shopify.com/,https://shopify.com,2026-01-24 11:04:48,1232.0064417380265,1072.0051591578733,505.4994761280682,0,3335.0071700409535,1072.0051591578733,28,206,4626.3125,1498.9589999999914,81837.40000000001
https://www.etsy.com/,https://etsy.com,2026-01-24 11:05:03,,,,0.4183397746840615,,,1,13,247.0595703125,583.2709999999987,10286
https://www.alibaba.com/,https://alibaba.com,2026-01-24 11:08:07,2459.0287315318883,878.6051069770482,2499.3602580914076,0.04199779633870456,10305.835514524497,5674.205133225934,164,479,7226.8408203125,6193.340999999998,49541.4
https://www.ebay.co.uk/,https://ebay.co.uk,2026-01-24 11:08:38,1315.1353640081768,967.0676820040885,223.00000000000023,0.003603785967994227,3296.484879093383,3975.083009174807,506,113,4157.9228515625,1097.4259999999963,26524.4
https://www.bestbuy.com/,https://bestbuy.com,2026-01-24 11:08:54,532.9584842630187,488.76678741041496,440.5,1.0727825934681725e-05,1597.1750905578112,1074.0587961578099,2,65,745.90234375,948.4349999999986,11489.300000000001
https://www.target.com/,https://target.com,2026-01-24 11:10:01,3929.9841753650735,878.2986566905234,5070,0.03320527837058506,11039.423675787184,5963.341453867328,22,379,4287.2626953125,10612.121000000125,60555.9
https://www.homedepot.com/,https://homedepot.com,2026-01-24 11:10:12,552,433.6808154968407,0,0,552,433.6808154968407,1,6,80.8798828125,0,5958.1
https://www.lowes.com/,https://lowes.com,2026-01-24 11:11:56,1119.0048683510145,695.5028739755869,6320.000000000008,0.00022094615446149342,18480.892212092695,11622.604425049984,324,441,10756.4619140625,15360.163999999922,98275.79999999999
https://www.ikea.com/,https://ikea.com,2026-01-24 11:12:18,1162.8994457397098,699,0,0,1162.8994457397098,938.6109470032982,71,94,3854.7626953125,397.74199999999973,16472.1
https://www.craigslist.org/about/sites,https://craigslist.org,2026-01-24 11:13:14,2157.6237787597092,1284.1226219658065,70,0,2157.6237787597092,6402.861705552569,4,41,1053.4619140625,331.081,48534.5
https://www.airbnb.com/,https://airbnb.com,2026-01-24 11:14:14,3171.509746577774,524.0014540766961,646.0000000000002,0.0005307976534454075,3497.15653329622,4693.758870491996,260,137,2841.9130859375,1880.4649999999974,55614.8
https://www.booking.com/,https://booking.com,2026-01-24 11:15:00,1312.0087497032596,832.0034022947718,2073.9999999999986,0,6892.532984660924,3469.07482191081,18,244,5328.34375,4352.485000000006,39861.2
https://www.expedia.com/,https://expedia.com,2026-01-24 11:15:52,915.0077093773576,795.0077093773577,1781.952213212429,0.0098424423451083,7348.839598958697,3121.6126350922013,370,196,4699.0078125,4145.865000000002,45779.5
https://tripadvisor.com/,https://tripadvisor.com,2026-01-24 11:16:12,,,,0.3051067113394915,,,1,15,520.05078125,1300.6289999999963,14403
